device_type,failed_login_attempts,open_ports,total_vulnerabilities,critical_vulnerabilities,patch_age_days,network_anomaly_score,malware_alerts,privilege_escalation_attempts,previous_security_incidents,risk_level
Server,6,3,7,1,16,63.6,1,0,0,MEDIUM
Desktop,3,5,7,0,113,51.4,0,4,2,HIGH
Workstation,7,4,2,2,61,51.9,0,1,2,MEDIUM
Server,6,7,5,2,48,51.1,0,2,2,HIGH
Laptop,7,6,5,3,98,50.4,1,0,1,HIGH
Workstation,2,3,4,1,34,44.2,0,0,1,LOW
Server,4,5,1,1,35,59.3,0,2,0,LOW
Server,4,6,5,0,6,22.0,1,0,2,LOW
Laptop,9,7,8,2,62,32.7,0,2,1,HIGH
Desktop,6,6,2,2,90,70.3,2,2,1,HIGH
Laptop,7,5,0,0,119,41.8,0,1,0,LOW
Workstation,9,5,1,0,63,30.8,0,0,1,LOW
Server,4,11,5,1,9,60.8,0,0,1,MEDIUM
Workstation,6,7,8,2,23,56.4,0,1,0,HIGH
Desktop,4,4,3,1,34,9.4,0,1,1,LOW
Laptop,2,10,0,0,108,54.1,1,1,0,MEDIUM
Desktop,5,6,8,0,70,41.0,2,0,4,HIGH
Laptop,3,1,5,1,112,53.7,0,0,1,MEDIUM
Workstation,6,6,5,1,102,38.2,1,1,2,HIGH
Server,5,4,4,1,106,48.2,0,0,2,MEDIUM
Server,3,3,1,1,33,0.0,0,2,1,LOW
Laptop,7,6,0,0,67,18.3,1,1,0,LOW
Workstation,2,6,2,2,7,54.3,1,0,1,LOW
Workstation,4,6,5,0,45,95.7,0,0,1,MEDIUM
Server,3,2,2,2,37,46.1,0,0,2,LOW
Laptop,7,5,1,1,19,22.8,0,0,1,LOW
Desktop,5,3,3,3,7,41.0,1,1,1,MEDIUM
Laptop,3,4,3,3,45,18.3,0,1,1,LOW
Laptop,7,10,3,0,8,65.5,0,1,2,MEDIUM
Server,6,5,5,0,74,39.1,0,0,1,LOW
Server,7,5,6,0,33,61.2,0,0,0,LOW
Workstation,3,5,5,0,27,34.6,0,1,1,LOW
Laptop,7,1,8,0,13,63.1,0,1,2,MEDIUM
Laptop,5,5,3,0,56,2.3,2,1,1,LOW
Desktop,2,7,1,1,20,38.5,2,1,1,MEDIUM
Laptop,4,6,2,0,69,49.9,1,0,2,MEDIUM
Laptop,2,5,4,0,119,32.1,0,0,0,LOW
Desktop,3,6,5,0,88,45.9,2,0,1,HIGH
Laptop,6,6,3,3,14,45.5,0,1,2,MEDIUM
Server,2,2,3,2,11,61.1,0,0,0,LOW
Desktop,4,4,1,0,105,51.7,0,0,0,LOW
Workstation,7,3,4,3,104,46.6,1,1,1,HIGH
Server,5,1,7,3,43,57.3,1,1,0,HIGH
Laptop,6,6,2,0,55,8.2,0,0,0,LOW
Workstation,3,6,4,1,45,21.4,1,0,0,LOW
Workstation,5,1,6,0,70,7.5,0,1,2,LOW
Laptop,8,3,2,2,25,50.1,0,0,1,LOW
Laptop,2,5,5,1,113,47.1,0,0,2,MEDIUM
Server,4,8,5,0,48,68.5,1,0,1,MEDIUM
Laptop,7,5,6,0,20,45.7,1,0,1,MEDIUM
Laptop,3,3,3,1,36,24.1,2,0,0,LOW
Laptop,3,6,4,1,107,40.9,0,2,3,HIGH
Server,8,3,5,2,34,0.0,0,0,2,LOW
Server,3,4,4,1,97,29.0,1,0,4,MEDIUM
Server,3,6,5,2,92,0.0,1,1,1,MEDIUM
Server,2,4,1,0,120,45.2,0,0,0,LOW
Desktop,4,5,2,1,18,31.9,0,1,1,LOW
Desktop,2,5,6,0,47,35.1,0,0,0,LOW
Laptop,9,5,4,0,101,17.5,1,1,1,MEDIUM
Laptop,6,3,3,2,15,23.3,0,0,0,LOW
Server,4,6,5,2,4,53.2,0,1,0,MEDIUM
Desktop,6,6,4,0,1,6.4,1,0,4,LOW
Desktop,2,6,5,1,9,49.1,0,1,1,LOW
Server,6,6,5,0,95,20.2,1,1,4,HIGH
Server,4,8,2,0,42,1.0,0,0,3,LOW
Desktop,9,4,1,1,16,65.0,0,2,1,MEDIUM
Desktop,6,7,3,3,85,67.2,0,1,0,HIGH
Laptop,5,4,2,1,37,26.1,0,3,2,LOW
Laptop,6,5,6,2,16,25.9,0,1,1,LOW
Desktop,5,6,1,1,119,32.5,0,0,2,LOW
Laptop,6,7,1,1,70,20.2,0,0,0,LOW
Laptop,6,4,4,1,53,24.1,0,2,0,LOW
Workstation,4,6,2,2,111,47.9,2,0,0,HIGH
Laptop,7,7,5,0,27,83.6,0,1,2,HIGH
Laptop,4,4,2,0,71,30.2,0,0,0,LOW
Laptop,4,1,1,0,91,60.5,0,1,0,LOW
Laptop,8,5,2,1,0,45.8,0,0,2,LOW
Server,6,5,6,2,32,1.2,0,0,0,LOW
Desktop,2,5,3,0,11,37.5,2,0,1,LOW
Server,9,9,2,1,64,34.7,0,0,0,LOW
Server,5,7,2,1,82,70.2,1,1,0,HIGH
Laptop,3,5,2,2,19,71.1,1,0,0,MEDIUM
Workstation,7,5,3,1,17,46.3,1,0,2,MEDIUM
Laptop,3,2,5,1,55,64.7,0,0,1,MEDIUM
Laptop,0,3,1,1,48,34.8,0,2,2,LOW
Laptop,8,2,2,1,13,62.6,0,0,2,LOW
Server,5,0,3,1,82,40.2,2,0,2,MEDIUM
Desktop,4,7,5,2,93,62.1,1,0,0,HIGH
Laptop,2,7,6,0,51,64.4,2,1,3,HIGH
Desktop,4,4,5,1,44,53.8,0,3,1,HIGH
Laptop,6,2,7,2,19,21.7,0,1,0,LOW
Server,5,6,4,1,38,28.7,1,1,0,LOW
Desktop,3,5,4,1,61,54.5,0,1,1,MEDIUM
Laptop,4,2,6,1,120,57.7,1,1,0,HIGH
Laptop,1,9,1,1,22,41.5,0,0,0,LOW
Server,8,6,4,2,100,31.1,1,0,2,HIGH
Laptop,6,4,8,3,60,42.2,0,0,1,HIGH
Laptop,5,3,4,1,67,31.9,0,0,1,LOW
Laptop,5,6,4,0,36,32.0,1,1,2,MEDIUM
Workstation,4,3,9,0,114,81.1,0,1,0,HIGH
Workstation,3,1,5,1,7,27.5,1,2,2,LOW
Server,5,6,2,0,25,49.2,0,2,3,MEDIUM
Laptop,4,8,2,1,38,41.4,1,0,0,LOW
Workstation,8,6,2,0,69,11.0,0,2,4,MEDIUM
Server,7,4,1,1,51,10.3,0,0,1,LOW
Server,4,3,5,0,112,36.2,0,0,0,LOW
Desktop,5,6,3,0,22,0.0,0,0,0,LOW
Laptop,11,6,7,2,68,78.3,1,0,1,HIGH
Laptop,5,1,5,1,58,30.0,0,2,0,LOW
Workstation,3,4,2,1,37,28.2,2,0,1,LOW
Desktop,8,4,6,3,2,64.9,0,1,1,HIGH
Laptop,5,3,7,1,98,34.9,0,2,0,MEDIUM
Laptop,7,6,4,2,24,52.3,2,0,2,HIGH
Desktop,4,3,4,3,16,25.4,0,0,1,LOW
Laptop,5,2,2,1,69,39.0,2,1,2,HIGH
Workstation,6,4,6,2,18,59.3,0,2,0,HIGH
Server,6,3,5,1,77,19.0,0,0,2,LOW
Server,3,2,4,2,88,49.6,1,1,2,HIGH
Desktop,7,6,4,0,27,0.0,0,0,2,LOW
Server,4,7,5,1,8,65.8,1,1,4,HIGH
Desktop,3,7,3,1,11,25.8,0,1,1,LOW
Server,4,6,3,3,6,36.1,1,2,0,MEDIUM
Laptop,10,5,3,1,58,35.8,0,3,0,MEDIUM
Laptop,4,2,4,0,45,16.6,1,0,1,LOW
Laptop,5,6,3,2,94,14.9,1,0,1,MEDIUM
Desktop,4,3,1,1,48,49.5,3,0,2,HIGH
Laptop,6,3,1,0,78,50.5,0,1,1,LOW
Laptop,2,4,5,2,56,18.5,1,0,0,LOW
Laptop,6,3,1,1,51,49.9,1,2,2,MEDIUM
Desktop,3,8,5,0,89,50.3,0,0,2,MEDIUM
Laptop,9,7,5,1,61,29.7,2,2,1,HIGH
Workstation,3,11,3,1,68,9.5,0,0,0,LOW
Desktop,4,1,4,2,54,37.2,0,1,0,LOW
Laptop,6,9,6,1,86,46.0,1,1,4,HIGH
Desktop,7,4,5,2,36,36.7,0,0,2,MEDIUM
Laptop,4,3,4,1,6,25.0,1,0,0,LOW
Workstation,7,4,2,2,51,48.3,0,1,1,MEDIUM
Desktop,9,1,0,0,38,65.8,2,1,3,HIGH
Server,2,6,2,0,108,21.1,0,1,0,LOW
Laptop,6,5,3,2,116,31.4,1,0,2,HIGH
Desktop,9,4,2,2,26,98.3,0,1,2,HIGH
Desktop,10,2,4,1,51,44.4,0,0,2,MEDIUM
Workstation,5,3,2,0,52,10.1,0,0,3,LOW
Desktop,6,10,1,1,26,27.5,2,2,2,HIGH
Desktop,7,2,3,0,1,21.3,0,0,0,LOW
Laptop,6,3,2,2,120,46.4,0,0,2,MEDIUM
Laptop,8,5,7,1,78,44.8,0,0,0,MEDIUM
Desktop,4,5,4,2,49,24.0,1,2,1,MEDIUM
Desktop,7,6,5,2,22,78.8,1,0,0,HIGH
Laptop,4,9,4,3,57,39.9,0,0,2,MEDIUM
Workstation,4,3,5,3,32,28.0,0,1,1,MEDIUM
Workstation,5,4,4,1,27,11.1,0,1,0,LOW
Laptop,5,3,2,2,115,18.3,0,0,3,MEDIUM
Desktop,5,4,7,0,79,10.6,0,1,1,LOW
Laptop,5,5,4,1,37,33.8,0,0,1,LOW
Server,5,7,5,1,25,18.5,0,2,2,LOW
Laptop,2,8,2,2,93,55.2,0,1,1,MEDIUM
Server,8,4,4,2,73,25.1,2,0,3,HIGH
Server,3,5,2,1,103,56.5,0,0,1,MEDIUM
Server,8,3,5,1,91,48.8,3,0,0,HIGH
Laptop,5,5,2,2,48,52.2,2,0,0,HIGH
Workstation,3,4,2,1,78,57.7,0,1,1,MEDIUM
Laptop,7,4,4,1,46,81.9,2,0,1,HIGH
Laptop,10,3,4,0,10,19.3,1,2,0,LOW
Desktop,3,3,1,1,3,56.6,1,0,1,LOW
Laptop,3,7,5,0,9,46.8,0,0,1,LOW
Workstation,3,4,4,0,111,61.4,0,1,0,MEDIUM
Workstation,7,6,2,0,101,40.4,0,2,1,MEDIUM
Laptop,8,4,6,0,47,63.9,2,1,0,HIGH
Workstation,7,5,5,1,109,9.6,0,0,1,LOW
Laptop,5,5,1,1,89,15.9,0,0,1,LOW
Desktop,3,6,7,0,16,25.5,0,1,1,LOW
Laptop,8,6,4,3,27,36.4,0,0,1,MEDIUM
Workstation,4,3,7,0,45,39.0,0,1,1,LOW
Laptop,5,4,3,2,97,21.7,0,1,0,LOW
Laptop,2,6,4,1,79,16.2,2,0,0,LOW
Desktop,2,3,2,1,47,23.6,1,0,0,LOW
Workstation,3,5,5,1,101,0.4,1,1,1,LOW
Workstation,3,4,3,3,39,31.7,0,0,1,LOW
Server,2,5,1,1,109,36.7,0,1,0,LOW
Workstation,3,6,7,1,87,47.7,2,0,2,HIGH
Workstation,6,5,4,0,84,41.7,3,0,1,HIGH
Desktop,6,7,4,0,10,77.5,0,2,2,HIGH
Laptop,6,7,3,1,17,55.9,2,1,1,HIGH
Server,4,5,3,2,119,54.2,2,0,1,HIGH
Server,4,4,5,0,92,46.0,2,0,2,HIGH
Laptop,2,4,4,3,31,49.8,1,2,1,HIGH
Laptop,7,8,6,3,103,33.1,1,0,1,HIGH
Server,5,2,6,0,37,40.2,0,1,2,LOW
Laptop,2,6,7,2,42,80.3,1,0,0,HIGH
Workstation,4,7,2,0,36,36.5,0,4,2,MEDIUM
Laptop,7,2,4,1,59,8.7,0,0,0,LOW
Laptop,2,3,3,3,92,53.3,0,1,0,MEDIUM
Workstation,6,5,2,0,20,57.3,0,0,1,LOW
Laptop,4,5,2,0,117,41.4,0,0,0,LOW
Laptop,8,5,4,4,36,0.0,0,1,1,MEDIUM
Desktop,5,6,2,0,117,66.3,0,1,2,HIGH
Workstation,3,8,2,1,105,43.1,1,0,3,HIGH
Laptop,8,4,4,1,66,31.2,1,2,2,HIGH
Laptop,6,2,3,1,10,64.1,1,0,2,MEDIUM
Server,3,4,3,0,69,0.0,1,1,2,LOW
Workstation,8,2,4,1,92,40.5,3,0,1,HIGH
Desktop,5,3,7,1,118,26.1,0,1,1,MEDIUM
Laptop,4,3,7,2,11,70.8,0,0,1,MEDIUM
Laptop,3,3,5,0,90,43.3,0,0,1,LOW
Laptop,4,3,1,1,35,19.0,0,0,1,LOW
Laptop,8,6,4,0,90,63.0,1,0,3,HIGH
Server,6,5,2,0,70,0.0,2,0,1,LOW
Laptop,4,8,10,2,104,49.2,2,2,0,HIGH
Desktop,5,10,7,0,0,10.2,0,1,1,LOW
Server,5,8,1,1,61,27.8,0,0,2,LOW
Desktop,9,5,2,1,81,32.7,0,1,2,MEDIUM
Laptop,5,6,5,2,45,58.0,0,3,1,HIGH
Workstation,8,6,8,4,38,86.5,0,0,2,HIGH
Server,3,7,3,0,39,0.0,0,0,2,LOW
Server,8,6,5,2,90,47.8,0,1,0,HIGH
Laptop,7,6,5,4,25,86.5,1,0,1,HIGH
Laptop,4,5,6,0,118,25.4,1,2,1,HIGH
Workstation,3,5,8,0,25,24.0,0,0,2,LOW
Laptop,6,3,6,1,50,43.2,0,2,1,MEDIUM
Laptop,4,6,6,2,120,56.2,0,0,1,HIGH
Desktop,5,10,7,3,3,52.5,0,0,1,HIGH
Server,6,4,4,1,40,30.1,1,0,1,LOW
Workstation,3,2,5,3,102,20.3,0,3,1,HIGH
Laptop,2,7,3,1,38,67.0,0,0,0,LOW
Workstation,8,6,2,0,33,21.0,0,1,1,LOW
Laptop,4,5,3,3,0,0.0,1,0,2,LOW
Desktop,5,6,5,1,17,6.0,0,1,0,LOW
Server,0,4,2,2,23,25.3,1,1,4,MEDIUM
Laptop,5,8,4,1,106,70.8,0,0,1,HIGH
Laptop,4,4,3,2,66,11.9,1,1,4,MEDIUM
Laptop,1,5,4,0,28,71.5,0,0,0,LOW
Workstation,5,8,5,2,97,66.8,2,2,0,HIGH
Desktop,8,6,1,0,73,43.0,0,1,1,LOW
Workstation,2,5,2,1,38,0.0,1,1,0,LOW
Workstation,6,3,8,0,30,12.0,0,0,1,LOW
Desktop,1,4,3,3,26,24.1,1,0,1,LOW
Server,5,9,4,1,86,76.1,2,2,0,HIGH
Laptop,6,8,2,2,86,25.5,0,1,1,MEDIUM
Laptop,3,7,5,0,78,21.0,0,0,1,LOW
Workstation,7,3,3,0,54,42.1,1,0,1,LOW
Server,7,11,2,0,61,7.0,1,1,0,LOW
Laptop,2,8,3,0,108,37.5,0,0,1,LOW
Desktop,4,3,5,1,67,20.4,0,1,2,LOW
Desktop,2,8,4,0,74,97.1,0,0,3,HIGH
Workstation,4,7,5,1,27,17.8,0,2,1,LOW
Desktop,9,1,6,2,55,80.5,2,0,1,HIGH
Laptop,3,4,6,0,2,12.9,1,1,2,LOW
Laptop,2,6,2,0,55,43.8,1,1,1,LOW
Desktop,4,8,2,2,96,49.0,0,1,0,MEDIUM
Server,8,8,5,1,81,41.1,1,0,1,HIGH
Workstation,3,8,3,0,107,39.8,2,1,1,HIGH
Desktop,3,8,6,0,41,57.0,0,2,1,MEDIUM
Laptop,2,9,7,1,94,47.2,0,0,2,HIGH
Laptop,5,5,1,1,88,34.2,0,1,2,LOW
Server,2,3,4,2,85,23.2,0,0,1,LOW
Workstation,1,4,3,1,96,34.4,0,0,3,LOW
Laptop,8,10,3,0,57,34.1,0,1,1,LOW
Laptop,3,5,3,2,41,33.6,0,0,0,LOW
Desktop,6,4,8,0,70,39.7,0,0,3,MEDIUM
Laptop,4,3,3,1,46,7.0,0,0,1,LOW
Workstation,4,4,2,2,83,15.4,0,1,0,LOW
Laptop,1,5,5,2,104,56.3,1,1,1,HIGH
Laptop,7,9,4,1,3,0.0,0,1,2,LOW
Workstation,6,3,3,1,75,64.3,1,0,1,HIGH
Laptop,3,3,4,4,51,25.7,0,0,0,LOW
Laptop,4,6,2,2,12,74.7,0,2,1,MEDIUM
Laptop,9,11,2,0,27,65.0,0,0,1,MEDIUM
Laptop,6,7,2,2,99,30.8,1,0,1,MEDIUM
Laptop,3,6,4,1,44,33.1,1,0,0,LOW
Laptop,8,10,3,1,10,73.1,0,1,3,HIGH
Laptop,4,8,4,0,90,66.0,0,0,1,MEDIUM
Laptop,3,5,2,1,28,59.4,0,1,1,LOW
Desktop,6,6,2,1,43,63.2,0,0,0,LOW
Server,3,8,4,1,23,14.1,0,0,1,LOW
Laptop,7,9,5,1,89,42.5,0,3,2,HIGH
Laptop,3,4,8,1,111,21.1,2,0,0,HIGH
Desktop,3,3,3,0,117,13.5,1,0,1,LOW
Workstation,8,4,4,1,9,41.6,2,0,1,MEDIUM
Workstation,0,6,4,2,111,28.9,1,0,0,MEDIUM
Laptop,5,6,5,1,76,34.3,0,1,1,MEDIUM
Laptop,3,5,5,1,100,27.0,0,0,2,LOW
Laptop,7,1,4,2,9,10.4,0,0,1,LOW
Laptop,9,6,3,1,103,75.3,0,2,1,HIGH
Desktop,9,4,3,1,39,41.4,1,0,3,MEDIUM
Laptop,0,2,1,0,47,6.3,0,2,1,LOW
Laptop,8,6,4,0,108,42.0,0,1,2,MEDIUM
Laptop,1,13,5,5,88,71.5,2,2,2,HIGH
Desktop,13,6,4,1,61,59.1,2,0,2,HIGH
Laptop,5,3,6,1,80,26.6,1,0,0,MEDIUM
Workstation,4,7,6,2,43,27.1,0,1,0,LOW
Laptop,3,6,2,1,118,16.9,2,2,0,HIGH
Workstation,5,6,6,4,8,21.7,0,1,4,HIGH
Laptop,5,4,8,2,69,23.5,0,0,1,MEDIUM
Workstation,6,9,3,0,5,5.7,0,0,0,LOW
Workstation,7,4,5,1,52,28.2,1,1,2,MEDIUM
Workstation,10,2,2,1,61,45.6,0,0,0,LOW
Workstation,4,2,2,0,101,28.9,0,1,3,LOW
Server,4,6,2,1,113,42.8,0,1,1,MEDIUM
Server,9,2,4,0,90,73.7,0,1,1,HIGH
Server,4,3,4,0,116,78.4,0,0,1,MEDIUM
Laptop,7,5,3,1,15,36.5,0,2,2,MEDIUM
Desktop,2,4,1,0,63,57.4,0,0,1,LOW
Desktop,3,11,2,1,72,34.3,0,2,0,LOW
Workstation,7,5,2,2,9,27.3,0,0,0,LOW
Desktop,8,4,1,0,71,13.4,0,0,0,LOW
Laptop,5,4,3,1,5,39.9,1,1,1,LOW
Server,4,7,9,1,76,61.9,0,0,1,HIGH
Laptop,3,3,0,0,26,10.0,1,1,0,LOW
Laptop,3,9,2,1,113,31.7,0,0,1,LOW
Desktop,5,2,3,0,39,30.6,0,2,2,LOW
Laptop,3,8,5,1,72,43.4,1,0,0,MEDIUM
Laptop,3,3,2,2,73,43.8,2,2,0,HIGH
Laptop,6,6,4,1,105,49.8,1,0,3,HIGH
Laptop,4,5,3,1,40,79.7,0,1,1,MEDIUM
Laptop,6,4,4,2,43,18.8,0,0,0,LOW
Laptop,2,8,5,1,82,17.6,0,1,2,LOW
Server,3,4,7,1,6,43.4,0,0,0,LOW
Laptop,4,6,1,1,67,70.0,0,2,1,MEDIUM
Workstation,5,4,3,2,45,5.8,0,1,1,LOW
Workstation,1,1,1,1,118,45.3,0,1,1,LOW
Desktop,5,4,6,0,64,33.6,0,0,0,LOW
Laptop,8,7,4,0,93,56.8,0,0,1,MEDIUM
Desktop,13,7,3,1,100,51.8,1,1,1,HIGH
Workstation,8,6,2,0,17,39.1,1,0,1,LOW
Server,6,6,3,1,76,48.7,0,0,1,MEDIUM
Workstation,4,8,9,0,82,23.5,0,1,1,MEDIUM
Desktop,3,3,2,0,53,55.6,0,1,1,LOW
Server,6,7,3,1,24,68.5,0,0,1,MEDIUM
Laptop,4,3,3,0,55,40.2,0,1,1,LOW
Server,12,10,3,1,6,29.0,1,1,0,MEDIUM
Laptop,6,3,2,1,120,34.8,0,2,1,MEDIUM
Server,5,1,6,1,10,55.4,0,1,0,LOW
Workstation,2,5,0,0,17,37.1,2,1,0,LOW
Laptop,6,8,3,1,16,11.6,0,0,3,LOW
Desktop,3,6,3,2,24,58.9,3,1,1,HIGH
Laptop,6,4,4,0,22,16.4,0,2,1,LOW
Server,3,4,3,1,75,47.3,0,0,1,LOW
Laptop,7,10,3,1,13,0.0,0,3,5,MEDIUM
Workstation,7,3,4,1,84,40.4,1,0,1,MEDIUM
Laptop,5,12,0,0,49,36.5,0,0,0,LOW
Workstation,10,4,6,0,47,0.0,0,1,1,LOW
Workstation,4,5,2,0,61,45.3,1,0,2,LOW
Desktop,5,8,5,0,3,13.8,1,0,3,LOW
Server,3,3,4,1,60,39.9,0,0,1,LOW
Server,6,9,6,0,63,28.9,0,1,2,MEDIUM
Workstation,2,7,5,0,90,5.4,0,1,0,LOW
Laptop,2,2,3,1,17,15.0,0,0,0,LOW
Desktop,3,7,5,0,6,16.8,0,0,1,LOW
Laptop,8,2,4,1,6,59.6,1,2,2,HIGH
Desktop,6,4,9,0,116,56.4,1,0,2,HIGH
Laptop,3,6,5,0,41,86.3,1,1,2,HIGH
Desktop,10,12,4,2,28,26.7,1,0,0,MEDIUM
Desktop,7,6,3,2,16,26.0,1,0,1,LOW
Desktop,6,4,1,1,31,41.0,1,0,0,LOW
Desktop,6,1,5,1,53,30.2,1,0,2,MEDIUM
Server,5,5,6,0,117,25.2,0,1,1,MEDIUM
Server,2,3,3,0,92,39.2,1,0,3,MEDIUM
Desktop,4,3,2,1,103,53.5,1,1,3,HIGH
Desktop,6,6,3,2,5,0.0,1,0,0,LOW
Workstation,6,5,1,1,69,25.4,0,0,1,LOW
Laptop,3,8,5,2,60,7.1,1,0,0,LOW
Laptop,3,9,1,1,23,34.6,1,1,0,LOW
Laptop,4,6,5,2,60,47.5,0,0,1,MEDIUM
Server,2,5,2,2,70,62.6,1,1,0,HIGH
Laptop,5,3,5,3,0,28.5,0,0,1,LOW
Server,2,6,5,0,118,40.3,1,0,1,MEDIUM
Server,6,3,2,2,89,1.0,3,0,3,HIGH
Laptop,1,6,3,0,111,19.1,1,0,0,LOW
Workstation,3,10,3,1,10,42.6,0,1,1,LOW
Server,5,4,5,2,7,8.1,2,0,2,MEDIUM
Laptop,4,4,7,2,112,65.2,2,1,2,HIGH
Laptop,3,1,6,1,112,49.5,0,0,1,MEDIUM
Laptop,3,3,8,3,77,18.1,1,0,1,HIGH
Laptop,6,5,2,2,24,5.4,0,0,1,LOW
Laptop,8,4,2,0,34,22.2,0,1,0,LOW
Workstation,7,6,1,0,96,18.2,2,0,1,MEDIUM
Desktop,5,7,9,2,111,11.2,1,0,2,HIGH
Laptop,11,3,8,0,81,7.1,1,1,1,MEDIUM
Server,4,1,2,0,48,32.9,0,0,1,LOW
Desktop,6,3,4,2,99,54.1,0,0,2,HIGH
Workstation,1,7,7,0,31,22.4,0,0,0,LOW
Server,5,4,1,0,15,47.8,0,0,1,LOW
Desktop,7,2,4,0,46,30.8,0,0,3,LOW
Laptop,4,1,8,1,56,51.5,0,0,0,LOW
Workstation,6,9,0,0,74,20.7,0,2,0,LOW
Server,6,2,3,1,83,44.2,0,1,2,MEDIUM
Workstation,8,3,5,2,87,40.6,0,1,2,HIGH
Laptop,8,8,4,0,24,68.0,2,1,1,HIGH
Workstation,9,3,7,2,80,50.3,0,1,0,HIGH
Server,6,4,5,3,5,43.6,1,1,0,MEDIUM
Laptop,3,4,2,1,111,5.7,0,0,1,LOW
Desktop,6,6,4,0,53,26.4,0,0,3,LOW
Server,1,6,3,2,115,20.4,0,0,0,LOW
Laptop,3,3,4,2,105,19.9,0,0,1,LOW
Desktop,6,5,4,2,23,38.3,0,0,1,LOW
Workstation,9,3,6,0,13,43.3,0,0,1,LOW
Laptop,9,3,2,2,110,44.2,0,0,2,MEDIUM
Desktop,2,6,4,0,59,65.8,0,0,0,LOW
Desktop,5,8,3,1,12,48.6,0,0,1,LOW
Laptop,3,4,8,1,73,11.0,1,1,0,MEDIUM
Workstation,5,3,5,2,115,42.5,1,1,1,HIGH
Server,2,9,6,1,72,50.9,1,0,0,MEDIUM
Laptop,4,5,12,3,31,65.8,1,0,1,HIGH
Workstation,3,10,5,2,40,34.6,1,0,1,MEDIUM
Workstation,3,5,3,1,32,34.8,0,1,1,LOW
Laptop,4,4,3,3,65,61.7,0,0,0,MEDIUM
Workstation,4,6,5,1,51,41.9,1,1,1,MEDIUM
Laptop,3,6,1,1,41,2.8,0,1,1,LOW
Workstation,9,5,4,1,21,0.0,2,1,1,MEDIUM
Server,2,9,4,0,3,78.5,0,0,3,MEDIUM
Server,4,2,2,2,100,0.3,0,3,2,MEDIUM
Laptop,2,4,0,0,97,34.3,0,1,2,LOW
Workstation,9,5,5,0,15,57.4,1,2,2,HIGH
Laptop,8,12,3,3,27,0.0,0,0,1,LOW
Laptop,4,7,6,0,53,14.2,1,1,1,LOW
Laptop,4,2,3,0,72,10.6,1,3,0,LOW
Server,5,8,2,2,109,77.6,0,1,0,HIGH
Laptop,4,6,2,1,84,82.4,1,0,0,HIGH
Workstation,7,5,1,1,76,21.8,1,0,0,LOW
Server,6,9,1,0,90,50.7,1,1,1,MEDIUM
Laptop,2,3,1,1,73,44.8,2,0,4,HIGH
Laptop,8,6,6,5,112,31.8,0,0,2,HIGH
Laptop,2,2,1,0,120,2.2,2,0,3,LOW
Desktop,5,5,8,0,54,88.8,3,0,3,HIGH
Workstation,3,5,7,1,2,0.0,0,0,1,LOW
Laptop,3,5,4,0,120,42.7,1,1,1,MEDIUM
Workstation,7,3,1,0,38,23.8,0,1,2,LOW
Laptop,4,4,3,1,32,60.2,0,0,0,LOW
Workstation,8,6,3,2,15,56.6,1,0,1,MEDIUM
Workstation,5,7,2,1,92,16.5,0,1,2,LOW
Server,4,2,2,2,22,20.6,0,1,0,LOW
Server,5,4,5,2,116,3.9,0,0,0,LOW
Workstation,6,5,3,0,26,42.3,0,4,0,MEDIUM
Laptop,5,4,4,1,8,53.6,0,1,1,LOW
Laptop,5,8,0,0,75,28.3,1,0,0,LOW
Laptop,4,3,2,0,24,32.6,0,1,1,LOW
Desktop,6,6,4,2,32,80.0,0,0,0,MEDIUM
Server,2,3,2,2,12,58.6,1,0,0,LOW
Server,3,9,4,1,80,67.7,2,0,1,HIGH
Workstation,0,6,3,1,26,0.0,2,0,1,LOW
Laptop,4,6,3,0,89,50.0,0,1,2,MEDIUM
Server,3,6,6,2,31,43.5,1,1,2,HIGH
Laptop,2,5,4,0,48,10.5,0,0,0,LOW
Laptop,7,8,5,0,59,15.0,0,1,1,LOW
Server,2,5,2,1,64,33.2,2,3,0,HIGH
Workstation,6,3,5,1,100,8.5,0,1,1,LOW
Desktop,5,4,9,2,15,20.4,2,1,3,HIGH
Laptop,3,2,8,3,27,27.8,0,1,3,MEDIUM
Desktop,6,2,4,1,91,50.6,0,2,1,MEDIUM
Laptop,5,3,2,2,103,22.5,0,0,2,LOW
Workstation,4,8,6,0,50,28.2,1,2,0,MEDIUM
Server,8,5,2,2,0,60.5,0,1,1,MEDIUM
Laptop,5,7,4,1,100,0.0,1,0,2,LOW
Laptop,4,2,5,1,73,43.0,1,0,0,MEDIUM
Laptop,3,4,6,0,63,46.6,0,1,1,LOW
Workstation,4,6,3,2,47,47.2,1,1,2,HIGH
Desktop,5,6,9,0,84,27.0,0,1,0,MEDIUM
Server,3,4,3,0,34,14.6,1,1,1,LOW
Server,4,3,5,1,43,71.4,2,0,0,HIGH
Desktop,9,5,2,0,93,19.2,1,0,1,LOW
Laptop,4,2,6,2,44,13.4,1,1,0,LOW
Workstation,4,7,4,2,114,38.4,1,0,1,HIGH
Laptop,3,6,7,3,52,21.7,0,0,1,MEDIUM
Desktop,5,5,2,0,68,61.1,2,0,0,MEDIUM
Server,1,10,1,1,76,32.2,0,0,1,LOW
Server,5,3,6,2,84,64.0,1,0,1,HIGH
Workstation,5,5,2,1,61,47.9,0,0,0,LOW
Laptop,4,6,6,0,43,29.5,0,0,1,LOW
Desktop,5,4,6,1,97,62.5,2,0,1,HIGH
Laptop,3,7,3,1,86,23.7,1,0,1,LOW
Desktop,12,4,2,2,6,31.0,0,2,1,MEDIUM
Laptop,4,5,1,0,75,49.6,1,0,1,LOW
Laptop,9,6,2,0,108,43.0,0,0,1,LOW
Laptop,6,3,5,0,67,23.2,0,0,3,LOW
Laptop,4,3,5,2,112,4.2,0,1,1,LOW
Desktop,6,4,4,2,47,37.6,0,2,1,MEDIUM
Desktop,3,8,3,1,29,22.0,1,0,0,LOW
Server,4,8,6,1,60,38.7,1,0,0,MEDIUM
Laptop,4,6,4,0,12,28.7,1,0,0,LOW
Laptop,0,6,3,0,7,22.2,1,0,2,LOW
Laptop,2,4,5,0,69,32.1,0,1,1,LOW
Desktop,7,2,5,1,3,36.4,0,4,2,MEDIUM
Laptop,4,5,7,2,7,53.3,0,2,3,HIGH
Laptop,5,4,7,1,55,47.3,0,2,3,HIGH
Laptop,6,3,0,0,27,84.1,1,0,0,LOW
Desktop,2,3,3,0,21,41.1,1,0,0,LOW
Laptop,3,5,3,0,61,23.2,0,0,2,LOW
Desktop,3,5,6,0,39,34.3,1,1,0,LOW
Desktop,9,8,6,1,74,50.5,3,1,2,HIGH
Server,9,4,5,0,51,60.1,2,2,0,HIGH
Server,3,4,6,0,23,67.5,0,0,4,MEDIUM
Server,2,4,5,1,85,15.6,1,1,3,MEDIUM
Laptop,6,8,3,0,112,66.2,0,0,0,MEDIUM
Server,5,4,1,0,87,37.0,2,2,1,MEDIUM
Desktop,3,7,3,2,21,17.6,0,0,2,LOW
Desktop,6,9,7,1,67,33.5,0,2,1,HIGH
Server,4,4,4,2,18,64.6,0,2,0,MEDIUM
Laptop,3,8,3,1,3,48.1,0,0,2,LOW
Desktop,3,7,3,2,19,11.3,2,2,2,MEDIUM
Server,4,3,5,1,97,11.5,2,0,0,MEDIUM
Workstation,7,4,9,0,112,10.9,0,1,0,MEDIUM
Workstation,8,4,4,0,72,21.9,0,0,0,LOW
Desktop,4,3,3,1,106,39.7,2,2,1,HIGH
Desktop,1,3,6,2,49,13.2,0,0,2,LOW
Server,2,3,2,1,3,28.6,0,0,1,LOW
Laptop,9,4,6,0,109,68.8,0,0,0,HIGH
Workstation,3,4,2,0,87,73.6,1,2,0,HIGH
Desktop,4,5,2,1,79,72.1,0,2,2,HIGH
Laptop,5,4,4,0,8,0.0,1,0,1,LOW
Laptop,8,7,6,0,116,74.8,0,0,1,HIGH
Workstation,3,7,3,3,9,40.0,1,0,0,MEDIUM
Laptop,6,2,3,1,1,39.7,0,0,2,LOW
Laptop,6,5,7,1,9,60.6,0,1,1,MEDIUM
Laptop,6,4,4,0,113,53.5,0,0,1,MEDIUM
Laptop,1,9,6,1,100,0.0,0,0,1,LOW
Laptop,5,6,3,1,13,24.5,1,1,1,LOW
Server,3,5,9,1,51,29.9,1,1,1,MEDIUM
Laptop,5,4,7,0,63,8.7,2,0,0,LOW
Workstation,3,5,2,2,67,59.9,1,0,1,MEDIUM
Workstation,6,3,3,1,24,69.7,1,0,0,MEDIUM
Laptop,5,5,4,3,3,37.8,0,0,1,LOW
Laptop,7,6,4,0,3,44.6,1,0,1,LOW
Desktop,6,3,7,3,109,37.8,0,1,0,HIGH
Laptop,6,6,3,2,75,40.2,0,0,2,MEDIUM
Laptop,7,4,0,0,118,62.6,0,0,1,LOW
Workstation,6,9,3,2,104,0.0,0,1,5,HIGH
Workstation,3,6,2,1,28,48.7,0,1,2,LOW
Server,8,5,5,0,10,38.3,1,0,3,MEDIUM
Laptop,5,5,4,0,79,22.3,0,0,0,LOW
Server,7,6,5,4,27,26.9,3,1,0,HIGH
Server,5,6,6,2,82,78.3,1,1,0,HIGH
Laptop,10,1,1,1,117,8.8,0,0,1,LOW
Server,5,4,5,0,116,34.3,1,0,0,MEDIUM
Laptop,4,4,3,1,30,73.8,0,0,0,LOW
Laptop,1,3,6,1,58,10.1,0,1,0,LOW
Desktop,2,4,4,1,85,28.0,0,0,1,LOW
Laptop,5,8,2,2,28,38.9,0,0,0,LOW
Laptop,6,3,5,0,68,47.1,3,1,1,HIGH
Workstation,3,8,3,1,43,36.2,1,0,2,MEDIUM
Workstation,4,3,7,1,69,18.3,0,0,2,LOW
Desktop,5,5,1,1,77,47.8,0,0,0,LOW
Workstation,6,3,5,1,106,35.8,0,0,0,LOW
Workstation,5,7,3,3,57,51.8,0,2,0,HIGH
Laptop,4,4,5,3,34,58.3,0,0,1,MEDIUM
Desktop,9,8,6,1,9,5.3,1,0,0,LOW
Laptop,4,6,4,1,84,60.7,0,1,2,HIGH
Laptop,1,6,6,3,97,32.4,0,1,3,HIGH
Server,3,7,4,0,49,56.2,0,0,1,LOW
Desktop,5,4,0,0,104,48.9,0,0,0,LOW
Desktop,5,9,2,1,57,78.8,1,2,0,HIGH
Laptop,5,6,2,0,57,38.1,1,0,1,LOW
Laptop,5,5,4,2,5,29.1,0,1,2,LOW
Workstation,3,4,5,0,63,26.7,1,0,1,LOW
Laptop,6,6,3,1,71,15.2,0,2,0,LOW
Laptop,6,6,12,2,59,55.8,1,0,1,HIGH
Laptop,5,4,5,1,65,13.8,2,0,0,MEDIUM
Desktop,8,2,3,1,64,55.6,0,1,1,MEDIUM
Desktop,9,7,4,2,84,33.1,1,2,1,HIGH
Desktop,5,3,6,1,12,0.0,0,0,1,LOW
Laptop,6,2,5,0,64,70.7,0,0,0,LOW
Laptop,5,6,6,1,52,0.0,2,1,0,MEDIUM
Workstation,3,3,4,1,41,36.2,0,1,1,LOW
Server,5,4,5,2,54,43.1,1,1,1,HIGH
Server,4,6,3,2,82,0.0,0,0,1,LOW
Server,3,7,2,2,120,47.7,0,0,1,MEDIUM
Server,8,3,2,0,26,23.3,0,1,2,LOW
Laptop,3,7,4,1,5,32.5,0,0,2,LOW
Laptop,1,3,7,0,42,67.5,0,1,0,LOW
Desktop,6,2,3,0,37,41.1,0,1,2,LOW
Laptop,5,4,2,1,8,30.3,1,0,0,LOW
Workstation,4,6,4,1,60,34.2,1,0,3,MEDIUM
Desktop,2,5,0,0,62,77.1,0,3,0,MEDIUM
Server,0,6,6,0,102,46.9,1,1,2,HIGH
Workstation,4,5,6,1,84,18.6,0,0,0,LOW
Desktop,3,15,7,2,55,27.3,0,0,2,HIGH
Workstation,9,4,3,2,79,11.8,0,1,1,LOW
Desktop,4,4,1,1,35,28.1,0,0,0,LOW
Workstation,3,8,4,2,18,73.4,2,1,0,HIGH
Laptop,2,9,2,2,64,34.3,0,0,3,MEDIUM
Desktop,5,6,5,1,60,8.6,0,0,0,LOW
Desktop,2,1,2,0,35,47.5,0,1,1,LOW
Laptop,2,5,5,3,108,29.4,0,0,1,MEDIUM
Laptop,2,2,3,2,66,50.4,0,2,1,MEDIUM
Workstation,3,7,0,0,68,32.7,0,1,4,LOW
Server,5,5,4,1,83,69.8,0,0,1,MEDIUM
Laptop,4,4,4,1,35,18.0,1,1,1,LOW
Laptop,4,6,3,3,64,12.4,0,0,3,MEDIUM
Laptop,4,8,9,2,108,58.6,2,0,0,HIGH
Laptop,3,7,8,1,73,0.0,0,0,1,LOW
Workstation,8,6,2,0,103,34.2,1,2,2,HIGH
Desktop,3,3,2,1,4,55.6,0,0,0,LOW
Laptop,12,6,6,1,87,0.0,1,1,3,HIGH
Desktop,6,5,4,0,79,39.4,0,0,1,LOW
Laptop,8,2,3,3,108,5.1,1,1,2,HIGH
Laptop,4,3,2,1,117,0.0,0,0,1,LOW
Server,4,7,8,1,16,14.5,1,2,1,MEDIUM
Server,5,3,7,1,59,34.0,3,0,1,HIGH
Workstation,5,6,13,1,112,22.5,1,1,0,HIGH
Server,4,5,7,2,97,62.4,1,1,2,HIGH
Desktop,2,5,6,1,12,39.8,1,0,1,LOW
Server,7,5,2,1,66,27.2,1,1,4,HIGH
Workstation,6,5,6,1,42,9.2,0,1,0,LOW
Server,4,3,7,2,85,42.9,1,0,0,HIGH
Workstation,4,8,1,0,62,83.3,0,0,0,LOW
Server,11,3,2,0,37,22.5,1,0,2,LOW
Workstation,8,7,3,0,50,25.1,0,1,1,LOW
Laptop,5,8,7,2,116,14.7,0,0,1,MEDIUM
Server,6,4,1,1,44,64.1,1,1,0,MEDIUM
Desktop,3,7,5,2,26,58.4,0,0,1,MEDIUM
Desktop,8,3,7,0,13,28.2,2,0,1,MEDIUM
Server,3,5,3,3,19,24.8,0,1,2,LOW
Workstation,3,3,7,1,6,17.2,3,0,0,MEDIUM
Workstation,5,5,4,1,5,31.6,1,1,2,MEDIUM
Laptop,5,8,3,1,64,60.4,1,1,1,HIGH
Server,6,3,2,2,65,38.9,0,0,2,LOW
Server,11,6,10,1,96,66.3,1,1,1,HIGH
Laptop,4,4,8,0,74,22.2,0,0,1,LOW
Laptop,9,5,4,3,23,0.0,0,0,3,LOW
Laptop,5,4,6,1,78,95.3,0,0,1,HIGH
Server,3,7,4,0,53,42.7,0,2,0,LOW
Desktop,3,10,5,3,20,55.1,0,0,3,HIGH
Workstation,4,5,7,1,78,20.7,2,1,1,HIGH
Desktop,4,4,4,1,78,8.0,0,1,1,LOW
Workstation,5,6,5,1,51,41.4,0,0,4,MEDIUM
Laptop,0,5,7,0,19,0.0,1,0,0,LOW
Server,6,1,3,1,3,32.1,0,1,2,LOW
Laptop,6,4,4,0,91,60.5,0,2,0,MEDIUM
Desktop,3,2,1,1,18,47.9,0,1,2,LOW
Workstation,3,7,8,0,33,43.6,1,1,1,MEDIUM
Workstation,6,4,1,1,81,76.4,0,0,0,MEDIUM
Workstation,5,5,3,2,51,46.3,0,2,0,MEDIUM
Laptop,4,6,6,1,99,0.0,2,2,2,HIGH
Laptop,5,5,7,0,44,34.7,2,1,2,HIGH
Laptop,9,6,1,0,107,80.4,0,0,2,HIGH
Laptop,1,4,4,0,44,31.2,1,0,1,LOW
Server,9,8,3,1,9,79.0,0,1,1,HIGH
Server,2,4,5,0,87,60.5,1,0,0,MEDIUM
Server,6,8,5,0,79,29.0,0,0,4,MEDIUM
Workstation,3,6,3,2,120,14.2,0,0,1,LOW
Server,4,2,4,3,12,45.5,0,1,1,MEDIUM
Workstation,2,7,6,2,63,66.0,0,2,0,HIGH
Laptop,8,6,6,3,85,3.3,0,0,0,MEDIUM
Laptop,7,3,4,1,48,40.6,0,1,0,LOW
Server,4,5,7,2,31,0.0,1,0,2,LOW
Workstation,7,7,3,1,35,30.5,2,0,0,MEDIUM
Laptop,6,5,3,0,1,1.6,0,0,0,LOW
Desktop,4,6,5,0,75,50.4,1,1,1,MEDIUM
Server,5,10,6,0,94,22.8,0,1,1,MEDIUM
Laptop,4,4,5,1,54,63.5,0,0,2,MEDIUM
Laptop,4,5,6,0,4,26.1,2,0,2,LOW
Workstation,3,4,3,0,93,24.1,0,1,1,LOW
Server,4,6,5,0,109,2.5,0,0,1,LOW
Laptop,7,4,7,2,73,46.6,0,1,3,HIGH
Workstation,2,8,2,2,10,48.8,1,0,0,LOW
Laptop,5,3,4,1,49,58.7,0,0,3,MEDIUM
Workstation,5,1,3,0,68,52.4,0,1,3,MEDIUM
Laptop,4,5,5,0,115,46.8,0,1,1,MEDIUM
Desktop,9,6,6,2,60,51.1,2,0,1,HIGH
Laptop,6,6,2,0,1,53.3,0,1,3,LOW
Laptop,1,6,5,1,85,58.0,1,1,1,HIGH
Workstation,4,2,5,1,83,4.4,3,0,1,MEDIUM
Laptop,5,5,4,0,28,27.8,1,2,0,LOW
Laptop,4,3,7,1,49,2.3,0,1,0,LOW
Laptop,6,6,4,1,5,45.3,0,0,2,LOW
Server,6,2,3,2,14,73.9,0,1,2,MEDIUM
Workstation,4,5,2,0,37,57.7,2,0,2,MEDIUM
Workstation,1,8,5,2,11,24.6,0,0,0,LOW
Laptop,9,5,1,0,33,49.1,1,0,1,LOW
Laptop,10,2,4,1,78,45.7,0,0,1,MEDIUM
Laptop,6,4,4,0,46,43.1,0,0,0,LOW
Desktop,5,5,4,1,17,9.3,1,0,2,LOW
Workstation,2,9,2,1,75,66.9,1,1,1,HIGH
Server,6,4,6,0,103,12.1,0,0,1,LOW
Desktop,7,1,2,1,71,29.9,0,1,0,LOW
Laptop,4,1,2,2,37,59.1,0,0,1,LOW
Workstation,12,6,5,3,97,29.8,0,2,1,HIGH
Desktop,7,6,4,1,41,39.7,0,1,2,MEDIUM
Laptop,7,6,2,0,1,40.6,1,0,1,LOW
Laptop,6,5,1,0,79,39.5,0,0,0,LOW
Laptop,4,6,3,3,86,40.5,0,0,4,HIGH
Laptop,4,6,5,1,26,42.7,0,2,4,HIGH
Laptop,6,7,4,1,45,39.6,1,1,0,MEDIUM
Desktop,6,7,2,0,0,18.3,0,0,2,LOW
Server,7,5,2,1,56,3.9,1,1,1,LOW
Laptop,4,4,6,0,53,60.0,0,1,0,LOW
Desktop,3,4,7,2,31,61.0,1,0,1,HIGH
Workstation,4,5,6,1,63,45.4,1,0,2,HIGH
Server,7,3,1,0,82,45.2,0,0,0,LOW
Desktop,3,5,3,1,53,17.9,0,2,0,LOW
Laptop,4,7,6,2,96,0.0,0,0,2,LOW
Workstation,6,13,1,1,55,32.5,1,0,0,LOW
Laptop,3,5,4,1,49,0.0,0,0,3,LOW
Laptop,5,6,4,2,80,42.1,0,0,0,MEDIUM
Workstation,3,5,1,1,20,66.7,0,0,0,LOW
Desktop,2,5,8,1,102,24.4,0,0,1,MEDIUM
Server,6,9,3,1,73,25.7,0,0,1,LOW
Desktop,4,2,6,2,44,15.9,1,0,4,MEDIUM
Server,6,4,2,0,28,39.0,0,0,2,LOW
Laptop,7,7,6,1,95,37.3,1,3,0,HIGH
Laptop,4,6,5,2,1,15.6,0,0,0,LOW
Laptop,7,4,3,1,7,58.1,0,1,1,LOW
Laptop,3,11,6,1,73,97.5,1,1,0,HIGH
Workstation,6,4,2,2,58,64.2,0,0,1,MEDIUM
Laptop,5,2,7,0,20,35.6,0,2,1,LOW
Desktop,1,7,4,0,45,35.3,0,0,2,LOW
Server,5,6,0,0,94,26.7,1,1,1,LOW
Server,4,4,8,3,56,26.2,0,0,2,MEDIUM
Desktop,6,4,2,1,63,59.1,1,1,1,MEDIUM
Desktop,6,5,2,2,11,60.0,0,1,2,MEDIUM
Workstation,7,4,2,0,87,12.3,1,1,2,LOW
Server,7,4,7,0,16,46.1,0,1,1,LOW
Workstation,2,7,6,1,28,62.4,0,0,1,MEDIUM
Workstation,6,3,3,2,35,30.3,0,1,1,LOW
Server,2,3,5,0,52,33.3,0,1,1,LOW
Laptop,10,5,8,2,33,53.3,1,0,1,HIGH
Desktop,4,3,10,1,98,53.9,1,1,0,HIGH
Laptop,1,6,5,4,46,47.4,0,1,1,HIGH
Server,7,6,4,2,4,43.6,1,1,3,HIGH
Workstation,5,7,6,1,55,46.5,0,0,3,MEDIUM
Desktop,5,1,5,2,14,31.9,0,0,3,LOW
Desktop,1,5,1,1,26,13.4,0,1,0,LOW
Laptop,6,4,10,0,71,3.8,0,2,1,MEDIUM
Workstation,5,5,6,1,74,51.1,0,0,1,MEDIUM
Laptop,2,6,5,1,80,40.4,0,2,2,MEDIUM
Laptop,1,11,2,1,45,48.0,0,1,1,LOW
Laptop,4,4,3,0,101,19.8,0,1,0,LOW
Laptop,2,8,7,3,7,40.3,0,0,1,MEDIUM
Desktop,2,6,4,2,45,39.7,2,0,0,MEDIUM
Desktop,5,5,5,1,29,66.1,0,0,1,MEDIUM
Laptop,5,2,7,1,5,56.7,0,0,5,MEDIUM
Laptop,4,5,6,0,67,21.7,0,0,5,MEDIUM
Laptop,8,4,4,0,6,49.1,1,1,1,MEDIUM
Laptop,6,5,5,1,73,21.6,2,1,3,HIGH
Laptop,1,5,3,1,103,0.0,0,1,1,LOW
Server,3,3,3,0,96,76.0,0,0,2,MEDIUM
Laptop,2,5,8,0,82,29.8,2,1,3,HIGH
Laptop,0,3,6,0,29,60.9,0,0,0,LOW
Laptop,5,2,3,1,79,23.5,0,0,0,LOW
Laptop,4,2,2,1,68,20.2,0,0,0,LOW
Laptop,3,5,4,0,59,26.0,0,0,0,LOW
Laptop,10,4,3,3,57,43.6,0,1,2,HIGH
Workstation,3,4,1,0,17,41.9,1,0,2,LOW
Laptop,0,5,1,0,102,48.9,0,0,0,LOW
Desktop,9,5,2,2,101,27.1,1,0,0,MEDIUM
Desktop,8,9,7,0,88,38.9,0,0,1,MEDIUM
Laptop,2,2,4,0,66,19.5,1,0,0,LOW
Desktop,7,3,5,1,15,70.3,1,0,0,MEDIUM
Server,4,3,5,2,76,9.1,1,1,0,LOW
Workstation,3,8,4,0,116,19.9,0,0,0,LOW
Laptop,6,4,7,0,16,28.7,0,1,3,LOW
Laptop,3,7,1,1,42,90.6,0,0,0,MEDIUM
Laptop,4,6,4,2,109,54.9,1,2,0,HIGH
Desktop,4,1,2,1,115,19.2,0,0,3,LOW
Server,4,4,1,0,53,56.1,1,1,4,MEDIUM
Laptop,4,4,5,1,34,49.3,1,1,0,MEDIUM
Laptop,6,8,1,0,34,44.0,0,0,1,LOW
Workstation,6,4,3,2,56,53.3,0,0,1,MEDIUM
Laptop,5,5,3,1,38,39.3,2,2,1,HIGH
Desktop,7,3,3,1,66,41.8,0,0,0,LOW
Server,4,6,6,2,9,3.8,0,2,1,LOW
Laptop,4,3,6,1,7,69.7,0,0,0,LOW
Laptop,2,10,2,1,0,28.2,0,0,0,LOW
Laptop,3,5,3,0,86,10.8,0,1,2,LOW
Workstation,2,5,3,0,111,26.9,1,0,0,LOW
Laptop,4,5,2,1,12,27.8,0,1,0,LOW
Laptop,6,4,4,2,110,20.4,1,0,0,MEDIUM
Laptop,11,4,5,1,19,55.1,0,1,1,MEDIUM
Laptop,4,4,3,2,5,59.4,0,0,2,LOW
Server,7,4,3,1,35,0.0,0,0,2,LOW
Laptop,7,5,6,0,35,26.7,1,0,0,LOW
Desktop,5,8,2,1,116,28.3,0,1,0,LOW
Desktop,7,5,1,1,13,34.2,0,1,2,LOW
Workstation,7,7,1,0,117,75.5,1,0,1,HIGH
Laptop,10,7,7,0,104,20.1,1,0,0,MEDIUM
Workstation,7,1,7,1,59,72.4,1,0,2,HIGH
Desktop,4,5,7,2,81,34.8,0,2,3,HIGH
Laptop,6,6,3,3,64,72.6,0,1,4,HIGH
Server,5,7,11,1,110,31.2,3,1,1,HIGH
Workstation,6,4,5,0,25,28.6,1,3,3,HIGH
Laptop,4,3,3,1,115,37.5,0,2,2,MEDIUM
Workstation,5,6,9,0,50,66.4,0,0,1,MEDIUM
Desktop,3,2,5,0,112,41.5,2,2,0,HIGH
Desktop,6,2,7,0,119,42.6,0,0,0,MEDIUM
Workstation,2,7,6,1,102,52.0,0,0,1,MEDIUM
Laptop,5,2,4,2,95,18.6,0,0,0,LOW
Workstation,5,4,3,0,52,45.4,0,1,0,LOW
Laptop,1,6,5,1,84,24.2,0,1,1,LOW
Server,4,9,4,0,29,70.4,0,1,1,MEDIUM
Desktop,5,3,5,1,33,47.2,1,1,1,MEDIUM
Laptop,7,6,3,2,89,53.2,1,0,3,HIGH
Laptop,7,2,3,0,92,0.0,0,0,1,LOW
Laptop,9,3,5,0,31,53.5,0,2,1,MEDIUM
Laptop,10,7,5,0,116,34.1,1,0,2,HIGH
Laptop,3,1,3,1,82,6.4,0,1,0,LOW
Laptop,9,4,4,0,119,40.1,0,1,0,MEDIUM
Laptop,6,4,4,0,57,4.6,1,1,1,LOW
Laptop,8,6,6,0,72,51.4,0,1,2,HIGH
Server,2,3,2,1,78,69.5,1,0,1,MEDIUM
Server,5,3,4,2,19,0.0,1,0,2,LOW
Server,5,9,3,1,33,37.3,1,0,1,LOW
Laptop,3,5,4,1,116,34.4,0,3,0,MEDIUM
Workstation,3,7,2,1,81,0.0,0,0,0,LOW
Desktop,5,2,2,2,65,58.2,0,1,1,MEDIUM
Laptop,3,6,4,1,0,51.8,0,1,1,LOW
Laptop,8,8,4,0,4,82.6,0,0,1,MEDIUM
Server,6,4,4,0,67,48.9,0,2,2,MEDIUM
Laptop,4,4,3,2,9,18.7,0,0,2,LOW
Desktop,3,4,7,3,17,49.3,0,0,1,MEDIUM
Workstation,10,3,6,1,69,66.3,0,1,3,HIGH
Laptop,9,5,5,0,116,27.8,1,1,2,HIGH
Laptop,2,3,5,1,101,56.8,1,0,2,HIGH
Workstation,9,7,2,2,56,0.0,0,0,0,LOW
Desktop,3,1,3,1,113,70.5,0,0,0,MEDIUM
Laptop,2,5,3,1,73,55.6,0,0,1,LOW
Workstation,4,5,4,2,114,0.0,1,1,1,MEDIUM
Workstation,2,5,5,1,28,46.4,2,0,3,HIGH
Desktop,4,9,4,0,70,0.0,1,1,1,LOW
Server,5,2,3,1,111,24.6,1,0,0,LOW
Laptop,1,4,4,1,118,52.9,0,1,1,MEDIUM
Laptop,6,6,2,0,104,35.0,0,0,2,LOW
Desktop,7,4,4,2,18,65.6,1,0,0,MEDIUM
Laptop,2,5,5,0,74,39.4,0,0,1,LOW
Server,3,5,7,3,11,37.2,1,0,0,MEDIUM
Workstation,3,5,5,3,46,62.2,1,1,1,HIGH
Laptop,9,8,7,1,3,30.6,1,1,1,MEDIUM
Desktop,7,6,4,2,91,37.4,2,0,1,HIGH
Laptop,6,5,2,2,93,40.3,2,0,1,HIGH
Workstation,3,5,1,0,11,36.5,2,0,0,LOW
Laptop,9,4,2,1,110,63.5,1,0,0,HIGH
Desktop,5,3,3,0,101,23.3,0,1,0,LOW
Desktop,4,3,1,1,101,19.7,0,0,0,LOW
Laptop,5,6,4,0,54,14.6,0,0,2,LOW
Server,4,4,5,1,113,0.0,1,1,1,MEDIUM
Server,9,6,5,1,118,70.6,1,0,0,HIGH
Desktop,4,5,5,1,66,18.2,0,0,2,LOW
Server,7,4,9,1,45,32.8,0,1,0,MEDIUM
Workstation,4,3,4,1,92,72.3,1,0,0,HIGH
Laptop,3,5,7,0,5,34.9,1,2,2,MEDIUM
Desktop,2,4,6,1,40,49.3,1,1,1,MEDIUM
Laptop,3,3,5,1,0,6.7,2,2,2,MEDIUM
Server,5,3,1,1,92,68.8,1,0,0,MEDIUM
Desktop,3,7,3,1,5,35.3,2,0,0,LOW
Laptop,9,5,7,2,91,15.6,0,0,2,MEDIUM
Laptop,7,10,8,0,68,15.6,1,0,2,MEDIUM
Workstation,4,7,5,1,52,75.2,2,1,0,HIGH
Laptop,8,5,6,1,76,25.1,1,0,1,MEDIUM
Server,6,5,3,2,5,16.1,1,0,0,LOW
Laptop,9,2,3,2,98,28.5,3,0,1,HIGH
Workstation,3,4,5,0,32,39.0,1,0,1,LOW
Laptop,4,6,3,1,101,41.3,1,1,2,HIGH
Laptop,5,7,7,0,107,47.8,0,0,0,MEDIUM
Workstation,3,7,4,1,66,43.2,0,0,1,LOW
Workstation,6,2,2,2,71,52.2,1,0,1,MEDIUM
Laptop,7,3,4,2,111,32.0,1,0,1,HIGH
Desktop,3,8,6,0,49,83.6,0,0,1,MEDIUM
Server,6,9,6,1,48,27.3,0,0,0,LOW
Workstation,3,6,1,0,114,67.8,0,0,2,MEDIUM
Laptop,3,3,1,1,48,24.8,0,0,1,LOW
Desktop,4,6,2,0,44,6.6,1,2,1,LOW
Server,6,6,5,0,0,1.3,1,1,2,LOW
Server,2,5,3,0,39,44.7,0,0,2,LOW
Server,2,8,4,1,30,63.6,0,1,1,MEDIUM
Desktop,9,5,4,0,93,12.7,0,0,1,LOW
Laptop,2,5,5,4,60,18.7,0,0,0,LOW
Workstation,3,7,6,1,42,46.5,1,0,0,MEDIUM
Workstation,9,4,5,2,112,37.9,0,0,1,HIGH
Server,10,6,2,0,53,25.1,1,0,1,LOW
Laptop,6,4,0,0,50,9.9,1,1,0,LOW
Laptop,7,2,7,2,87,44.8,0,2,2,HIGH
Server,5,4,2,1,31,52.4,1,0,2,MEDIUM
Laptop,10,7,8,1,52,48.8,0,0,0,MEDIUM
Workstation,6,9,4,2,85,38.6,1,1,0,HIGH
Laptop,5,4,9,0,38,14.8,1,1,1,LOW
Server,3,7,2,2,51,44.9,0,1,1,MEDIUM
Workstation,7,4,2,1,1,43.3,1,2,1,MEDIUM
Laptop,8,3,4,1,96,9.1,0,0,5,MEDIUM
Laptop,3,6,5,0,104,31.3,0,0,2,LOW
Desktop,2,2,2,1,80,46.1,1,1,0,LOW
Desktop,13,5,5,1,63,36.3,0,0,2,MEDIUM
Laptop,2,6,3,2,108,0.0,1,1,0,LOW
Desktop,3,1,4,0,103,23.9,0,1,0,LOW
Workstation,4,8,3,0,56,22.4,1,1,0,LOW
Desktop,4,2,5,3,74,50.3,0,0,2,HIGH
Laptop,4,3,4,1,113,95.2,1,0,2,HIGH
Laptop,2,3,4,0,24,40.9,2,1,4,MEDIUM
Laptop,2,6,5,1,94,11.6,2,0,1,MEDIUM
Laptop,5,6,4,1,43,34.5,1,0,1,LOW
Laptop,3,7,1,1,11,38.2,1,1,2,LOW
Server,7,10,5,0,50,54.6,0,0,0,LOW
Laptop,4,8,4,0,62,65.3,0,0,4,MEDIUM
Workstation,3,6,3,1,89,68.6,0,0,1,MEDIUM
Laptop,1,5,2,1,18,49.8,0,0,0,LOW
Laptop,5,3,3,0,66,38.0,1,0,1,LOW
Server,6,5,1,1,80,70.6,3,0,2,HIGH
Workstation,7,6,5,2,77,30.4,0,0,0,MEDIUM
Laptop,5,12,5,1,100,39.2,0,0,0,MEDIUM
Laptop,7,4,2,2,91,32.6,1,0,1,MEDIUM
Laptop,1,11,4,0,56,0.0,0,0,2,LOW
Desktop,3,2,1,1,33,66.0,0,0,1,LOW
Desktop,3,1,2,1,106,52.9,1,0,1,MEDIUM
Laptop,8,3,3,0,106,0.0,0,0,1,LOW
Laptop,4,5,6,1,15,60.0,0,0,1,LOW
Desktop,8,8,10,1,54,31.3,0,0,1,MEDIUM
Workstation,5,4,3,2,90,59.7,1,0,0,HIGH
Server,5,9,2,0,79,39.7,0,1,0,LOW
Desktop,6,7,8,0,105,8.1,0,1,0,LOW
Laptop,9,2,5,2,26,38.6,0,0,0,LOW
Laptop,7,7,4,2,113,18.2,0,0,1,MEDIUM
Laptop,2,3,3,0,28,11.1,2,0,0,LOW
Server,4,5,3,2,11,57.1,2,1,3,HIGH
Workstation,5,2,4,1,88,46.6,0,1,0,MEDIUM
Workstation,3,4,3,2,112,70.9,1,1,1,HIGH
Workstation,4,7,4,2,42,29.3,0,0,0,LOW
Workstation,6,8,6,2,19,16.8,0,1,0,LOW
Workstation,4,9,3,0,105,52.1,0,1,0,MEDIUM
Laptop,4,6,3,0,11,19.7,0,1,0,LOW
Laptop,7,6,3,2,80,31.2,0,0,0,LOW
Laptop,4,3,2,1,15,49.6,1,2,0,LOW
Desktop,4,8,9,0,80,35.2,0,0,1,MEDIUM
Laptop,2,5,4,0,13,27.2,0,1,1,LOW
Workstation,4,5,8,0,46,7.1,1,2,2,MEDIUM
Desktop,8,3,5,1,56,58.6,1,0,0,MEDIUM
Desktop,10,4,4,0,109,29.9,0,0,0,LOW
Laptop,5,6,6,2,86,51.6,0,0,0,MEDIUM
Laptop,4,8,2,0,114,48.7,0,3,0,MEDIUM
Laptop,4,8,4,2,65,62.0,0,1,2,HIGH
Workstation,3,3,2,0,31,32.8,0,1,2,LOW
Desktop,7,9,2,2,51,30.4,0,1,1,MEDIUM
Server,5,4,5,0,62,13.6,0,1,2,LOW
Laptop,5,5,6,2,68,26.1,2,0,1,HIGH
Laptop,7,5,5,0,109,45.5,0,0,0,MEDIUM
Laptop,5,3,3,0,108,20.0,0,0,2,LOW
Server,3,2,2,2,12,44.9,0,1,0,LOW
Server,6,4,5,1,96,70.3,0,0,2,HIGH
Laptop,2,4,3,0,36,28.2,1,0,0,LOW
Workstation,7,3,4,4,71,9.1,1,0,1,MEDIUM
Laptop,7,6,4,0,115,28.9,0,1,1,MEDIUM
Workstation,5,5,3,0,106,6.7,0,0,4,LOW
Laptop,5,1,2,1,58,67.4,0,1,3,MEDIUM
Laptop,1,6,2,1,5,39.9,2,3,0,MEDIUM
Workstation,6,3,1,1,115,22.0,0,1,0,LOW
Laptop,6,3,4,1,109,25.7,0,0,1,LOW
Laptop,9,6,4,2,46,12.0,0,0,0,LOW
Desktop,4,4,6,2,16,60.2,1,0,2,HIGH
Laptop,3,8,5,3,63,78.4,0,0,0,HIGH
Server,3,5,3,1,97,5.1,1,1,1,LOW
Workstation,2,4,7,0,54,61.0,0,0,0,LOW
Workstation,8,4,5,2,2,32.6,0,0,0,LOW
Laptop,4,7,5,2,55,65.9,2,0,1,HIGH
Desktop,6,8,3,1,62,0.0,0,2,0,LOW
Laptop,6,4,5,1,111,43.0,1,2,1,HIGH
Laptop,2,6,6,0,97,29.0,0,0,1,LOW
Laptop,5,4,3,1,84,52.5,0,0,0,LOW
Workstation,5,3,4,0,48,39.3,0,0,1,LOW
Workstation,3,0,3,0,114,38.5,0,2,0,LOW
Server,5,8,5,0,28,35.7,1,0,4,MEDIUM
Desktop,6,5,4,1,39,72.4,1,3,2,HIGH
Desktop,7,7,2,0,102,34.2,0,1,2,MEDIUM
Desktop,5,5,6,4,120,57.0,1,0,4,HIGH
Desktop,4,6,6,1,98,51.8,0,0,1,MEDIUM
Desktop,6,1,2,0,85,57.6,0,1,1,LOW
Laptop,8,3,5,3,113,15.7,1,1,1,HIGH
Laptop,1,2,0,0,15,53.6,1,0,1,LOW
Workstation,4,3,5,0,80,45.4,0,0,1,LOW
Desktop,5,5,3,1,49,11.8,1,0,1,LOW
Workstation,8,6,1,1,72,33.3,0,3,3,HIGH
Laptop,5,7,4,1,30,88.5,0,2,2,HIGH
Desktop,4,2,6,1,59,29.4,0,0,1,LOW
Laptop,3,9,5,2,28,29.9,0,0,0,LOW
Laptop,5,3,2,0,77,47.9,0,0,1,LOW
Laptop,2,6,6,1,112,26.1,0,0,1,LOW
Laptop,4,2,6,1,7,41.1,0,0,0,LOW
Workstation,6,4,5,0,116,28.1,2,1,1,HIGH
Laptop,3,7,2,1,79,46.9,0,0,1,LOW
Desktop,1,8,4,0,1,36.6,0,0,1,LOW
Desktop,6,3,3,2,70,80.9,1,1,0,HIGH
Laptop,6,4,1,0,16,39.0,1,0,1,LOW
Desktop,7,8,4,0,97,33.1,0,1,0,LOW
Laptop,1,5,7,0,33,60.6,0,0,2,LOW
Workstation,3,4,5,2,6,7.4,1,1,1,LOW
Workstation,5,9,6,0,102,75.2,1,0,1,HIGH
Server,5,5,4,2,64,16.3,0,1,2,MEDIUM
Desktop,12,5,6,1,73,64.2,0,0,0,HIGH
Laptop,8,2,6,0,100,70.0,0,0,1,HIGH
Workstation,7,6,8,2,68,26.4,1,0,0,HIGH
Laptop,3,7,3,2,96,28.5,0,0,3,MEDIUM
Laptop,3,8,4,3,72,35.6,0,0,3,HIGH
Laptop,6,5,3,0,3,51.7,0,0,2,LOW
Server,4,3,5,1,115,16.0,0,1,1,LOW
Server,5,2,5,2,116,35.6,0,1,1,MEDIUM
Server,6,5,6,3,33,31.1,1,0,0,MEDIUM
Server,6,8,1,1,78,12.7,0,0,0,LOW
Laptop,8,6,4,0,14,15.0,1,0,0,LOW
Workstation,6,6,2,2,34,40.8,0,0,0,LOW
Desktop,7,4,4,3,73,40.4,0,0,2,HIGH
Server,5,8,2,0,42,21.2,0,1,1,LOW
Laptop,4,6,5,2,117,39.7,0,0,3,HIGH
Workstation,4,5,2,1,9,23.8,1,1,0,LOW
Laptop,6,1,5,5,85,66.8,0,2,2,HIGH
Laptop,6,1,5,1,74,35.7,0,0,0,LOW
Desktop,5,4,4,1,107,62.1,1,3,1,HIGH
Laptop,4,2,3,1,97,0.8,1,1,2,LOW
Laptop,3,4,2,0,108,45.1,0,0,2,LOW
Server,6,7,4,4,96,51.1,1,0,1,HIGH
Laptop,4,5,4,0,26,35.0,0,1,2,LOW
Workstation,9,5,3,2,51,26.1,0,1,0,LOW
Laptop,5,5,4,0,82,34.6,1,1,2,MEDIUM
Server,5,4,7,0,120,54.3,0,2,2,HIGH
Desktop,1,7,3,1,104,11.4,0,1,1,LOW
Server,5,6,4,0,78,53.4,1,0,0,MEDIUM
Desktop,4,8,4,1,12,45.0,0,0,1,LOW
Desktop,6,4,3,1,50,32.3,0,2,0,LOW
Workstation,8,8,6,0,78,33.2,0,0,0,LOW
Laptop,6,3,3,0,93,39.4,1,0,0,LOW
Laptop,4,6,5,1,32,74.5,1,0,2,HIGH
Server,4,4,5,1,56,45.7,1,1,0,MEDIUM
Workstation,5,2,4,1,99,17.3,1,0,4,MEDIUM
Laptop,7,7,2,2,100,28.4,1,2,2,HIGH
Desktop,5,5,6,1,27,12.8,1,0,2,LOW
Workstation,6,7,4,2,30,0.0,1,0,0,LOW
Server,5,5,6,1,45,12.4,1,0,0,LOW
Workstation,4,6,6,2,77,40.6,0,0,1,MEDIUM
Desktop,6,5,2,0,81,66.0,0,0,0,LOW
Server,6,3,3,0,91,59.9,2,0,1,HIGH
Laptop,4,3,5,0,67,12.6,0,1,0,LOW
Workstation,3,4,5,1,111,20.5,1,1,0,MEDIUM
Laptop,2,4,2,0,14,17.3,0,1,0,LOW
Server,7,3,3,0,63,0.0,1,1,0,LOW
Laptop,3,4,4,0,27,34.3,0,1,2,LOW
Desktop,6,2,4,1,65,55.7,1,0,1,MEDIUM
Server,4,6,5,0,107,32.4,1,0,0,MEDIUM
Desktop,8,6,4,0,107,10.1,1,0,2,MEDIUM
Workstation,8,2,4,2,119,19.4,1,1,1,HIGH
Laptop,5,4,3,0,59,30.8,1,0,2,LOW
Server,5,3,1,0,83,54.9,1,1,3,MEDIUM
Laptop,0,9,8,1,57,34.0,0,0,3,MEDIUM
Laptop,4,3,4,1,1,52.0,0,1,2,LOW
Desktop,4,5,4,0,34,36.2,0,0,0,LOW
Laptop,6,9,4,1,89,43.2,1,0,0,MEDIUM
Laptop,7,7,3,0,6,17.3,1,1,0,LOW
Server,4,8,3,1,77,22.9,0,0,0,LOW
Server,5,3,2,2,55,10.4,0,0,1,LOW
Server,4,5,2,0,49,51.2,0,1,0,LOW
Laptop,3,6,5,0,89,31.6,0,2,0,LOW
Laptop,14,9,4,1,27,0.0,0,1,0,LOW
Laptop,5,6,5,2,31,48.6,2,1,1,HIGH
Server,3,2,4,1,20,59.4,0,0,3,LOW
Workstation,4,4,5,0,13,20.1,1,1,4,LOW
Laptop,10,3,4,3,10,48.6,2,2,3,HIGH
Server,5,6,3,0,12,33.4,1,1,4,MEDIUM
Laptop,5,5,2,2,77,0.0,0,1,2,LOW
Laptop,7,9,5,1,36,81.0,1,1,1,HIGH
Laptop,5,3,1,0,40,33.5,1,0,1,LOW
Laptop,9,3,2,1,91,42.4,1,0,1,MEDIUM
Server,10,6,2,0,62,24.3,0,0,0,LOW
Workstation,5,4,4,0,9,31.5,1,0,1,LOW
Laptop,4,5,5,1,63,41.6,0,0,0,LOW
Desktop,3,8,6,2,79,15.1,0,0,0,LOW
Server,5,5,1,1,73,75.3,2,0,0,HIGH
Workstation,5,8,7,1,105,56.4,1,1,3,HIGH
Desktop,2,3,2,2,71,49.4,0,0,2,LOW
Laptop,4,3,5,0,98,34.9,0,2,0,LOW
Server,5,7,1,1,62,21.3,0,0,4,LOW
Laptop,3,2,2,1,77,60.7,1,0,1,MEDIUM
Workstation,7,3,6,1,18,51.4,2,0,3,HIGH
Laptop,8,5,4,1,120,29.2,0,1,0,MEDIUM
Server,10,0,2,2,3,14.1,0,0,0,LOW
Laptop,4,4,3,0,117,3.3,0,0,1,LOW
Laptop,4,7,2,1,69,38.6,0,0,1,LOW
Workstation,4,3,1,1,40,32.5,1,0,1,LOW
Desktop,8,7,7,2,51,64.1,1,0,0,HIGH
Desktop,4,5,10,1,9,59.8,2,0,2,HIGH
Workstation,8,4,4,0,49,38.9,0,0,1,LOW
Workstation,6,6,4,3,8,36.2,3,0,0,HIGH
Laptop,3,1,5,0,52,12.7,1,0,1,LOW
Desktop,8,8,1,1,16,61.3,0,1,0,LOW
Desktop,6,7,1,1,13,36.8,1,0,2,LOW
Server,2,5,4,2,86,51.3,0,1,3,HIGH
Laptop,5,2,6,0,21,63.9,0,0,0,LOW
Laptop,6,5,4,2,40,25.6,0,0,4,MEDIUM
Workstation,8,13,4,1,80,19.8,1,1,0,MEDIUM
Workstation,5,0,7,3,61,92.3,0,0,2,HIGH
Workstation,6,4,4,1,62,51.1,0,0,1,LOW
Workstation,5,5,4,3,53,31.9,1,1,1,HIGH
Server,3,5,4,0,73,65.3,0,1,2,MEDIUM
Server,3,5,6,0,78,31.2,3,0,1,HIGH
Server,8,2,4,1,15,45.2,0,1,0,LOW
Desktop,7,3,1,0,116,25.5,1,0,0,LOW
Desktop,5,5,2,1,98,37.6,1,2,0,MEDIUM
Laptop,7,3,1,1,51,32.0,0,1,1,LOW
Server,3,5,3,0,45,21.5,2,1,0,LOW
Laptop,6,2,3,0,87,43.3,0,1,4,MEDIUM
Laptop,4,4,4,0,74,24.0,1,0,2,LOW
Desktop,6,8,5,1,97,50.7,0,0,1,MEDIUM
Laptop,6,10,2,2,56,31.3,0,1,0,LOW
Laptop,6,8,2,2,53,0.2,0,0,1,LOW
Workstation,2,4,2,0,56,51.7,0,0,0,LOW
Workstation,7,9,1,1,35,52.0,0,1,4,MEDIUM
Laptop,3,5,6,2,94,87.6,0,1,1,HIGH
Laptop,5,9,1,1,96,38.4,0,1,0,LOW
Laptop,6,7,2,1,13,42.0,0,0,2,LOW
Server,1,7,7,2,11,48.5,2,1,2,HIGH
Workstation,7,0,6,0,9,60.4,1,0,0,LOW
Laptop,5,10,3,1,39,59.1,0,1,0,MEDIUM
Server,5,3,4,0,12,45.0,0,1,1,LOW
Laptop,6,4,4,0,68,37.3,1,2,1,MEDIUM
Laptop,5,8,2,0,120,56.5,2,0,1,HIGH
Workstation,5,9,3,2,85,36.4,1,1,0,HIGH
Laptop,5,3,5,0,112,9.6,1,0,0,LOW
Laptop,10,4,7,1,17,5.0,0,1,1,LOW
Desktop,7,0,5,1,84,31.5,0,2,0,MEDIUM
Desktop,5,6,4,3,88,40.6,1,0,1,HIGH
Workstation,7,6,5,1,54,92.4,1,1,2,HIGH
Workstation,2,1,4,4,90,35.4,0,1,0,MEDIUM
Laptop,5,3,6,1,10,39.0,0,0,0,LOW
Laptop,6,2,5,4,74,29.1,0,0,2,HIGH
Server,3,5,6,2,99,51.6,1,0,0,HIGH
Laptop,4,5,1,0,47,44.2,1,0,0,LOW
Workstation,6,3,5,1,22,24.0,0,0,2,LOW
Server,9,10,3,3,1,15.7,0,0,0,LOW
Laptop,3,4,3,1,33,29.1,0,0,2,LOW
Workstation,4,6,6,1,99,19.4,1,0,2,MEDIUM
Laptop,2,5,3,2,101,32.9,1,0,0,MEDIUM
Desktop,8,1,4,4,74,41.1,1,0,1,HIGH
Desktop,8,1,4,1,31,27.0,1,0,0,LOW
Desktop,2,7,4,0,31,70.0,0,1,5,HIGH
Server,7,11,3,1,102,63.5,1,0,2,HIGH
Server,7,3,4,0,70,32.9,0,2,2,MEDIUM
Workstation,5,3,5,1,95,16.8,1,3,1,HIGH
Workstation,6,3,0,0,44,37.3,0,2,1,LOW
Desktop,4,6,4,1,101,35.1,2,1,0,HIGH
Laptop,3,12,6,1,56,36.6,1,2,1,HIGH
Server,1,4,5,2,81,29.2,0,0,0,LOW
Workstation,11,6,5,0,103,14.9,0,2,2,MEDIUM
Laptop,5,5,5,1,42,38.8,0,1,1,LOW
Desktop,6,9,7,1,95,30.3,0,1,0,MEDIUM
Desktop,8,6,1,0,79,32.2,0,0,1,LOW
Laptop,4,10,4,0,60,40.1,1,0,1,MEDIUM
Server,1,7,2,0,100,36.5,0,1,1,LOW
Laptop,5,6,7,0,53,39.6,0,1,2,MEDIUM
Server,4,3,5,0,90,29.3,0,1,0,LOW
Workstation,6,6,2,2,9,45.9,1,0,2,MEDIUM
Workstation,6,7,5,0,104,22.2,0,1,2,MEDIUM
Laptop,4,3,2,0,116,14.1,0,1,1,LOW
Laptop,4,5,4,1,119,18.4,0,2,2,MEDIUM
Server,6,4,3,2,102,23.1,0,0,0,LOW
Workstation,6,6,8,3,83,9.7,1,1,2,HIGH
Desktop,4,8,6,0,89,0.8,1,1,1,LOW
Workstation,2,5,4,1,112,49.1,1,0,1,MEDIUM
Laptop,3,5,4,1,88,66.0,0,1,1,MEDIUM
Workstation,5,8,4,0,32,50.3,0,0,0,LOW
Laptop,5,4,8,2,19,27.4,1,0,2,MEDIUM
Laptop,7,5,2,0,117,0.2,1,1,4,MEDIUM
Desktop,6,7,3,1,16,42.2,1,1,0,LOW
Laptop,7,7,3,0,110,2.6,1,0,0,LOW
Laptop,5,4,2,1,113,36.1,1,0,1,MEDIUM
Laptop,2,5,3,0,4,20.4,0,0,0,LOW
Desktop,3,3,5,1,97,0.0,0,0,0,LOW
Server,3,2,3,2,71,70.6,0,0,0,MEDIUM
Laptop,2,3,4,0,47,10.4,0,0,1,LOW
Server,4,1,7,2,60,30.2,0,0,0,LOW
Workstation,2,4,4,1,51,35.2,0,1,4,MEDIUM
Laptop,3,10,3,0,98,27.7,1,0,1,LOW
Laptop,2,3,6,1,49,48.2,1,0,1,MEDIUM
Workstation,1,3,2,1,15,21.7,1,2,1,LOW
Workstation,2,3,3,2,48,46.4,0,0,1,LOW
Desktop,8,6,4,0,63,45.0,0,1,1,MEDIUM
Workstation,5,6,1,1,54,7.7,1,1,0,LOW
Laptop,5,5,1,1,60,43.2,0,2,0,LOW
Laptop,8,6,2,1,119,14.8,2,0,1,MEDIUM
Server,5,5,3,0,47,12.4,0,1,0,LOW
Laptop,3,0,3,0,98,44.4,0,0,2,LOW
Server,4,5,6,2,120,29.0,2,0,0,HIGH
Desktop,5,9,6,1,100,46.2,1,1,5,HIGH
Server,8,3,6,1,65,46.4,0,0,0,MEDIUM
Desktop,5,4,1,0,119,6.6,0,2,0,LOW
Laptop,10,7,3,1,50,54.3,0,2,1,HIGH
Laptop,3,5,4,2,33,44.3,0,2,1,MEDIUM
Laptop,3,5,3,1,103,25.1,0,0,3,LOW
Server,6,4,5,0,111,35.0,0,0,0,LOW
Laptop,11,5,7,0,16,54.9,0,0,0,LOW
Laptop,6,4,3,2,38,31.0,2,0,1,MEDIUM
Laptop,4,6,5,1,34,84.5,1,0,2,HIGH
Laptop,5,4,7,1,99,70.8,0,0,0,HIGH
Workstation,8,3,5,0,33,40.6,1,0,0,LOW
Laptop,3,5,10,0,80,33.0,0,0,1,MEDIUM
Workstation,5,3,6,1,112,33.9,1,1,1,HIGH
Laptop,4,3,2,1,110,24.8,0,1,1,LOW
Server,4,8,7,0,106,40.8,1,1,0,HIGH
Desktop,3,3,6,2,64,53.1,0,0,1,MEDIUM
Laptop,7,9,5,1,73,8.3,3,1,2,HIGH
Workstation,2,4,7,1,87,52.1,1,1,2,HIGH
Workstation,3,6,3,1,38,58.5,1,0,1,MEDIUM
Workstation,5,5,4,2,60,50.6,0,0,2,MEDIUM
Laptop,3,9,4,1,56,35.1,0,1,2,MEDIUM
Laptop,6,2,5,1,96,49.7,1,0,0,MEDIUM
Server,6,2,6,3,69,66.6,1,1,0,HIGH
Laptop,6,1,5,1,53,36.7,0,0,2,LOW
Server,1,3,4,0,65,38.5,0,0,1,LOW
Desktop,7,5,7,2,20,84.9,1,1,1,HIGH
Desktop,5,5,3,1,30,44.8,0,0,0,LOW
Workstation,3,5,5,0,96,15.8,0,0,0,LOW
Server,2,5,2,1,15,57.2,0,1,3,LOW
Laptop,5,3,5,0,82,46.8,0,0,1,LOW
Laptop,6,6,5,0,109,23.6,0,1,2,MEDIUM
Desktop,1,7,3,1,82,13.7,0,2,0,LOW
Desktop,6,5,2,2,77,43.2,0,1,3,HIGH
Laptop,7,10,5,3,86,36.7,1,1,2,HIGH
Laptop,2,9,7,0,17,10.6,0,0,2,LOW
Server,11,6,3,0,16,36.1,0,0,1,LOW
Workstation,4,5,2,2,119,34.7,0,0,2,MEDIUM
Desktop,9,10,7,2,51,36.6,0,0,1,HIGH
Laptop,1,5,4,0,49,48.8,0,0,1,LOW
Laptop,3,3,4,0,19,0.0,0,0,0,LOW
Desktop,10,3,6,1,88,13.5,1,1,0,MEDIUM
Laptop,7,6,6,2,4,27.3,1,0,1,MEDIUM
Desktop,5,5,7,3,21,67.2,2,0,1,HIGH
Server,4,7,6,2,27,90.1,0,1,0,HIGH
Laptop,2,3,5,1,112,38.1,0,0,0,LOW
Laptop,3,4,6,0,114,39.0,0,1,1,MEDIUM
Laptop,6,3,3,1,9,0.0,1,0,1,LOW
Workstation,8,5,4,2,16,57.9,2,0,0,HIGH
Server,6,6,3,0,115,47.9,0,2,0,MEDIUM
Laptop,5,5,4,0,76,44.2,1,0,1,MEDIUM
Workstation,3,4,3,0,87,10.6,1,0,0,LOW
Desktop,3,5,0,0,68,81.6,0,0,2,LOW
Desktop,1,6,3,1,27,71.5,0,0,2,LOW
Workstation,6,3,4,2,88,44.5,0,2,1,HIGH
Laptop,4,5,5,1,21,59.8,0,1,1,MEDIUM
Laptop,8,7,3,0,3,39.1,1,0,2,LOW
Desktop,7,5,7,0,101,56.1,2,0,0,HIGH
Laptop,9,9,8,0,45,9.2,2,1,2,HIGH
Server,5,7,2,2,4,0.0,0,0,3,LOW
Laptop,3,4,2,2,52,10.1,0,0,4,LOW
Laptop,5,5,12,1,13,20.3,0,1,1,MEDIUM
Laptop,4,3,4,1,56,23.8,1,2,1,MEDIUM
Desktop,3,7,3,0,81,47.9,1,0,0,LOW
Laptop,7,2,4,3,40,32.3,1,0,1,MEDIUM
Laptop,6,4,1,0,9,37.4,0,0,1,LOW
Workstation,3,6,0,0,107,11.9,1,2,0,LOW
Laptop,3,3,1,1,65,10.0,1,0,2,LOW
Laptop,6,5,3,1,2,38.9,1,0,2,LOW
Laptop,7,5,7,0,69,26.1,1,0,0,LOW
Laptop,6,7,8,1,111,38.1,1,0,0,HIGH
Laptop,3,0,5,2,2,50.0,0,1,0,LOW
Desktop,5,2,3,2,95,74.1,1,0,1,HIGH
Laptop,7,3,4,2,45,37.6,1,0,1,MEDIUM
Workstation,1,4,2,0,85,77.9,0,1,3,MEDIUM
Workstation,9,3,3,0,3,46.9,1,1,1,LOW
Laptop,7,4,8,0,109,53.2,2,1,1,HIGH
Laptop,5,7,6,1,116,61.2,1,1,1,HIGH
Laptop,3,2,3,1,66,53.8,0,0,0,LOW
Desktop,5,3,2,0,26,20.4,1,1,0,LOW
Laptop,6,5,4,1,18,61.8,1,0,2,MEDIUM
Workstation,6,4,4,1,83,29.8,0,0,1,LOW
Server,7,6,4,0,96,44.6,1,1,1,HIGH
Workstation,6,2,2,2,81,40.9,0,1,0,LOW
Desktop,7,8,4,0,59,63.2,0,0,1,MEDIUM
Workstation,4,4,5,3,93,46.6,1,1,0,HIGH
Laptop,4,2,6,1,89,7.5,0,0,0,LOW
Laptop,3,3,4,1,40,84.0,0,2,0,MEDIUM
Laptop,4,0,3,1,93,56.4,3,0,1,HIGH
Workstation,7,6,4,1,22,25.9,0,1,2,LOW
Desktop,6,9,6,0,99,13.0,1,1,0,MEDIUM
Workstation,5,4,5,1,64,58.9,0,0,2,MEDIUM
Laptop,2,3,0,0,90,15.6,1,0,2,LOW
Workstation,3,10,4,3,84,55.6,0,0,4,HIGH
Desktop,7,6,5,1,11,61.5,0,0,1,MEDIUM
Desktop,0,4,3,1,91,23.7,0,0,1,LOW
Workstation,7,6,6,2,94,21.7,1,1,1,HIGH
Laptop,9,7,1,1,5,27.7,0,0,3,LOW
Laptop,6,6,2,2,27,16.2,0,0,1,LOW
Desktop,8,7,6,2,91,43.1,0,0,1,HIGH
Laptop,4,9,0,0,43,46.2,1,1,1,LOW
Laptop,8,10,6,2,13,54.0,0,0,3,HIGH
Laptop,10,3,8,2,103,19.7,0,1,1,HIGH
Laptop,6,3,3,0,63,56.5,0,1,1,LOW
Workstation,7,4,0,0,47,16.3,0,0,1,LOW
Desktop,5,5,2,1,67,56.5,2,0,0,MEDIUM
Laptop,5,5,4,0,48,5.3,2,0,3,LOW
Laptop,7,5,7,1,15,72.5,2,3,0,HIGH
Desktop,7,3,5,2,67,26.5,0,1,2,MEDIUM
Server,5,3,1,0,116,51.2,1,1,2,MEDIUM
Workstation,6,4,3,0,115,52.9,1,3,1,HIGH
Workstation,4,7,3,1,77,10.1,0,1,4,LOW
Laptop,4,2,5,0,19,56.4,1,0,1,LOW
Laptop,4,9,4,0,27,25.9,0,1,1,LOW
Desktop,1,3,3,1,38,31.3,0,0,1,LOW
Desktop,10,7,2,1,6,23.3,1,0,2,LOW
Desktop,9,7,5,1,16,73.5,1,0,2,HIGH
Server,2,5,2,0,93,12.3,1,2,0,LOW
Desktop,7,4,5,1,51,47.5,1,0,2,HIGH
Laptop,3,5,0,0,101,24.3,0,0,0,LOW
Laptop,7,6,0,0,7,62.0,0,0,0,LOW
Laptop,4,3,3,1,10,89.1,1,0,2,HIGH
Laptop,4,3,5,0,83,24.1,0,0,0,LOW
Laptop,9,2,3,1,31,41.1,0,0,2,LOW
Server,7,4,2,1,27,29.5,1,0,2,LOW
Laptop,5,4,4,0,77,60.8,1,0,1,MEDIUM
Laptop,3,7,3,2,110,32.5,0,1,2,MEDIUM
Desktop,6,7,2,2,50,57.9,0,0,1,MEDIUM
Server,5,8,1,1,92,29.2,0,1,2,MEDIUM
Laptop,5,5,3,2,41,87.4,1,1,1,HIGH
Workstation,3,7,2,1,101,0.0,0,0,0,LOW
Workstation,2,5,6,2,51,46.3,0,0,2,MEDIUM
Desktop,7,9,6,0,18,37.8,0,2,1,MEDIUM
Server,6,3,3,1,61,37.0,1,1,1,MEDIUM
Laptop,6,8,3,3,35,44.3,1,1,2,HIGH
Workstation,9,6,5,0,22,39.3,3,1,0,HIGH
Laptop,2,5,2,1,22,42.8,0,1,1,LOW
Workstation,3,9,4,0,46,47.0,2,1,0,MEDIUM
Desktop,11,4,5,0,1,76.5,2,0,1,HIGH
Laptop,2,7,5,2,8,0.0,0,0,0,LOW
Laptop,7,6,1,1,71,78.6,1,0,2,HIGH
Server,7,7,5,0,0,94.3,0,0,0,MEDIUM
Desktop,5,7,3,0,93,0.0,1,0,1,LOW
Laptop,6,3,7,2,117,39.1,0,0,1,HIGH
Server,10,7,4,0,22,68.2,1,0,0,MEDIUM
Workstation,5,2,5,2,6,58.2,0,0,3,MEDIUM
Desktop,3,7,3,3,25,74.9,2,0,2,HIGH
Desktop,4,5,0,0,5,46.2,0,0,0,LOW
Laptop,3,6,1,0,32,0.0,0,0,0,LOW
Server,4,4,3,0,107,66.7,0,1,1,MEDIUM
Laptop,3,4,4,0,99,52.0,0,0,1,LOW
Workstation,7,6,3,1,118,70.3,0,0,1,HIGH
Laptop,2,4,2,2,98,4.3,0,1,1,LOW
Desktop,4,9,4,0,102,11.2,0,0,0,LOW
Laptop,7,5,4,0,71,38.4,0,0,0,LOW
Laptop,6,3,7,0,16,67.3,2,1,3,HIGH
Server,2,3,7,1,93,73.5,1,0,0,HIGH
Desktop,11,3,0,0,77,22.0,0,0,1,LOW
Desktop,3,3,2,0,116,29.1,0,0,4,LOW
Workstation,5,2,9,3,84,100.0,1,0,0,HIGH
Workstation,4,10,5,0,66,25.8,1,1,3,MEDIUM
Workstation,4,5,5,1,93,52.9,0,2,1,HIGH
Laptop,6,6,9,0,79,28.1,0,0,0,LOW
Desktop,6,9,1,1,13,48.4,0,0,1,LOW
Workstation,4,6,3,1,73,18.9,1,1,1,LOW
Laptop,3,4,3,0,47,19.6,0,0,0,LOW
Laptop,2,7,1,0,19,29.8,1,0,1,LOW
Workstation,1,4,3,0,33,26.0,1,0,1,LOW
Desktop,2,7,2,2,100,31.3,0,0,1,LOW
Desktop,6,6,4,2,79,49.6,2,0,2,HIGH
Workstation,5,5,3,0,7,79.6,0,3,1,MEDIUM
Desktop,2,2,3,0,41,25.0,1,0,1,LOW
Desktop,0,9,3,1,82,16.3,1,0,3,MEDIUM
Laptop,7,6,6,0,61,38.2,0,0,0,LOW
Laptop,9,10,5,1,93,19.3,0,2,1,HIGH
Laptop,6,8,5,1,75,2.0,0,1,0,LOW
Server,6,5,6,2,4,61.4,1,1,0,HIGH
Workstation,4,2,4,0,104,39.8,0,2,1,MEDIUM
Laptop,5,2,5,2,69,41.9,0,1,1,MEDIUM
Laptop,3,7,7,1,111,0.0,0,1,0,LOW
Workstation,1,8,3,0,26,25.1,1,2,0,LOW
Laptop,3,3,4,1,83,6.9,0,0,0,LOW
Desktop,7,7,0,0,3,37.5,1,1,1,LOW
Desktop,3,6,5,1,18,41.0,1,0,1,LOW
Server,5,4,4,2,106,40.9,0,0,1,MEDIUM
Laptop,3,4,4,0,107,23.3,0,0,0,LOW
Server,8,6,6,2,115,19.2,1,0,3,HIGH
Laptop,8,9,4,1,24,33.7,0,0,2,LOW
Desktop,6,7,3,0,107,45.9,0,0,1,LOW
Laptop,4,4,4,0,6,25.3,0,0,0,LOW
Desktop,1,6,4,0,48,17.4,0,1,0,LOW
Desktop,5,3,1,1,52,18.3,1,0,0,LOW
Laptop,5,9,2,0,95,23.5,2,2,2,HIGH
Laptop,7,5,0,0,82,28.0,0,1,0,LOW
Laptop,3,5,5,0,43,13.8,1,1,1,LOW
Laptop,1,7,5,0,18,28.2,0,0,3,LOW
Laptop,7,3,3,1,44,65.2,0,1,2,MEDIUM
Workstation,5,5,3,0,36,31.5,0,0,1,LOW
Laptop,1,5,4,3,81,10.7,1,1,0,MEDIUM
Workstation,4,2,5,1,9,0.0,0,0,1,LOW
Workstation,6,3,2,1,49,78.4,0,0,0,LOW
Laptop,2,3,3,3,74,63.1,0,1,1,HIGH
Server,9,5,3,1,78,44.3,0,0,3,MEDIUM
Workstation,4,7,10,1,85,63.6,1,0,1,HIGH
Server,5,3,6,0,34,49.6,1,0,1,LOW
Desktop,2,5,3,0,62,36.3,0,0,1,LOW
Desktop,6,4,3,1,11,10.7,1,0,2,LOW
Laptop,5,2,3,1,53,80.0,0,0,1,MEDIUM
Desktop,5,4,8,1,118,28.4,2,2,0,HIGH
Workstation,5,4,3,0,102,29.6,1,0,1,LOW
Workstation,9,0,3,1,75,38.8,0,1,0,LOW
Laptop,8,6,10,1,50,39.2,0,1,1,HIGH
Server,0,3,2,2,108,50.6,0,0,1,LOW
Laptop,2,7,3,1,53,48.1,0,0,1,LOW
Workstation,2,9,1,1,92,25.3,1,1,1,MEDIUM
Laptop,7,9,6,0,69,38.6,0,0,1,MEDIUM
Workstation,5,6,3,0,2,49.9,1,0,0,LOW
Workstation,6,6,2,1,85,23.4,1,2,0,MEDIUM
Laptop,6,5,4,1,108,69.8,0,1,1,HIGH
Laptop,6,6,2,2,94,37.6,0,0,1,MEDIUM
Workstation,4,10,3,0,74,73.2,0,0,1,MEDIUM
Laptop,8,4,5,0,4,7.4,1,0,0,LOW
Desktop,6,9,4,1,2,52.4,0,1,2,MEDIUM
Workstation,2,10,6,2,102,18.4,0,1,3,HIGH
Desktop,4,6,7,3,57,24.0,0,2,1,HIGH
Laptop,2,7,5,0,54,57.9,0,0,1,LOW
Desktop,2,6,2,1,77,33.0,0,1,2,LOW
Laptop,4,7,3,2,109,95.1,0,1,0,HIGH
Workstation,7,5,5,0,52,49.4,1,1,1,MEDIUM
Laptop,1,4,4,0,64,22.7,0,1,2,LOW
Laptop,4,4,2,1,67,49.4,1,0,1,MEDIUM
Laptop,5,6,4,0,57,32.8,0,0,0,LOW
Workstation,5,4,5,1,79,56.3,0,1,2,HIGH
Laptop,5,4,7,1,23,31.5,0,0,0,LOW
Workstation,8,5,5,1,45,46.9,0,1,1,MEDIUM
Server,4,9,2,1,56,42.4,1,0,1,MEDIUM
Workstation,4,7,4,2,62,39.7,0,0,0,LOW
Workstation,1,4,7,2,59,60.9,0,2,1,HIGH
Workstation,5,4,5,0,50,0.0,1,2,2,LOW
Workstation,2,6,10,2,108,40.1,1,0,0,HIGH
Laptop,7,2,2,0,96,22.6,2,0,1,MEDIUM
Server,5,8,8,0,107,8.3,2,2,2,HIGH
Desktop,1,6,7,1,71,19.6,0,0,5,MEDIUM
Desktop,1,8,0,0,58,24.4,1,0,2,LOW
Workstation,4,3,2,1,52,32.8,1,0,0,LOW
Workstation,7,6,5,0,104,45.4,0,3,1,HIGH
Server,2,6,6,1,80,49.9,1,2,2,HIGH
Desktop,6,5,4,0,103,29.0,1,1,2,MEDIUM
Desktop,4,4,4,3,102,72.9,1,0,0,HIGH
Laptop,0,3,5,2,114,29.8,0,0,0,LOW
Laptop,4,4,4,1,65,0.0,2,1,3,MEDIUM
Laptop,6,9,1,1,43,30.4,0,1,1,LOW
Laptop,8,6,4,1,109,39.0,0,1,0,MEDIUM
Laptop,4,0,7,3,25,0.0,0,0,3,LOW
Server,6,7,1,1,39,64.6,1,0,4,HIGH
Desktop,3,3,4,2,114,35.8,1,2,2,HIGH
Workstation,9,6,4,1,86,12.6,0,0,1,LOW
Desktop,5,4,5,0,70,16.9,1,1,2,MEDIUM
Laptop,8,2,7,3,64,54.8,1,0,2,HIGH
Laptop,5,3,2,1,56,57.4,1,2,1,HIGH
Laptop,4,7,3,1,108,23.7,1,2,2,HIGH
Workstation,7,7,2,1,49,8.2,0,0,0,LOW
Laptop,2,6,8,0,58,40.9,1,2,0,MEDIUM
Desktop,4,3,5,1,10,44.9,1,0,1,LOW
Workstation,2,3,6,1,13,50.4,0,0,1,LOW
Workstation,8,6,1,0,24,25.6,0,1,2,LOW
Laptop,8,6,4,2,36,35.3,0,1,2,MEDIUM
Laptop,10,7,6,0,35,38.4,0,0,1,LOW
Laptop,4,6,4,3,80,59.3,0,0,0,HIGH
Laptop,3,4,4,3,66,67.2,0,1,1,HIGH
Laptop,5,3,2,0,0,73.2,0,0,2,LOW
Desktop,2,7,4,1,62,66.7,0,0,2,MEDIUM
Workstation,4,6,3,3,9,77.9,2,1,1,HIGH
Desktop,6,7,3,1,65,60.3,0,0,1,MEDIUM
Server,4,6,3,2,6,25.0,0,0,0,LOW
Laptop,6,10,3,1,9,71.7,2,1,0,HIGH
Workstation,6,7,3,1,99,7.7,0,1,1,LOW
Desktop,5,4,3,0,1,90.0,0,2,0,MEDIUM
Workstation,2,3,5,1,117,16.5,0,0,2,LOW
Workstation,4,7,3,0,56,57.5,0,0,1,LOW
Laptop,4,7,3,1,99,69.8,1,0,0,HIGH
Laptop,5,7,3,0,23,48.1,0,0,3,LOW
Laptop,8,6,2,1,56,0.0,1,0,1,LOW
Desktop,2,4,3,1,107,17.1,0,1,1,LOW
Workstation,6,3,5,1,9,45.8,1,0,2,MEDIUM
Laptop,6,4,1,1,52,52.0,0,1,3,MEDIUM
Server,5,4,4,0,14,34.1,0,1,0,LOW
Desktop,6,12,2,1,42,39.6,0,0,1,LOW
Laptop,5,6,4,3,117,5.7,0,2,1,HIGH
Laptop,5,4,3,1,65,77.0,1,0,1,HIGH
Server,9,5,4,2,40,29.7,0,0,1,LOW
Server,4,5,1,1,76,55.4,0,0,2,LOW
Desktop,5,4,5,2,34,68.9,0,0,1,MEDIUM
Laptop,6,8,7,0,9,12.6,0,0,0,LOW
Server,6,4,8,0,68,40.8,1,2,2,HIGH
Laptop,6,7,9,2,89,44.1,1,0,0,HIGH
Workstation,4,5,11,2,21,32.3,1,0,1,HIGH
Laptop,7,7,3,1,16,58.4,0,0,0,LOW
Laptop,8,6,6,0,72,23.3,0,1,0,LOW
Desktop,5,5,5,0,46,39.2,1,0,0,LOW
Desktop,7,5,3,2,113,29.8,0,0,2,MEDIUM
Desktop,6,11,1,1,43,89.2,0,0,0,MEDIUM
Desktop,6,13,6,0,47,23.4,0,0,1,LOW
Workstation,8,4,5,3,68,54.4,0,0,0,HIGH
Desktop,5,1,4,0,118,77.5,0,2,3,HIGH
Desktop,3,2,4,1,83,17.8,2,1,0,MEDIUM
Desktop,7,2,6,0,80,40.1,0,0,2,MEDIUM
Laptop,6,7,4,2,96,16.3,0,0,0,LOW
Desktop,8,3,4,1,98,0.0,1,0,1,LOW
Laptop,4,5,5,1,63,20.7,0,2,0,LOW
Server,7,9,3,3,34,25.5,1,0,3,HIGH
Laptop,10,5,7,2,18,26.8,0,0,0,LOW
Workstation,6,5,2,0,68,31.4,0,0,1,LOW
Desktop,6,5,4,2,84,38.1,0,0,2,MEDIUM
Workstation,6,3,7,2,44,11.7,0,1,1,LOW
Desktop,2,7,8,1,57,45.7,1,1,1,HIGH
Laptop,7,6,6,1,53,64.7,1,0,1,HIGH
Workstation,13,4,3,2,71,67.3,1,0,1,HIGH
Server,4,2,3,0,99,32.3,1,0,3,MEDIUM
Server,6,3,8,1,53,57.7,0,0,1,MEDIUM
Desktop,8,7,5,1,62,23.0,1,1,1,MEDIUM
Server,4,4,5,1,50,30.4,0,0,1,LOW
Workstation,3,6,2,2,36,46.8,0,0,0,LOW
Server,8,4,6,1,84,30.6,2,0,2,HIGH
Laptop,7,6,2,0,74,10.2,2,1,0,LOW
Server,5,5,2,0,63,56.3,0,0,1,LOW
Server,5,5,2,0,35,19.8,0,1,1,LOW
Workstation,8,5,5,3,105,26.6,0,1,1,HIGH
Laptop,5,4,3,3,97,61.3,0,1,0,HIGH
Desktop,4,4,7,1,89,49.8,2,1,1,HIGH
Workstation,5,7,8,0,98,41.9,0,0,1,MEDIUM
Desktop,6,7,2,0,57,5.7,0,0,1,LOW
Server,3,5,3,0,75,12.4,0,1,0,LOW
Desktop,6,8,7,3,25,46.7,1,1,4,HIGH
Laptop,4,7,1,1,94,51.9,0,0,3,MEDIUM
Server,3,3,6,1,2,43.6,1,1,1,MEDIUM
Laptop,5,9,2,2,61,27.6,0,0,0,LOW
Laptop,4,1,2,1,24,26.9,0,0,2,LOW
Server,5,4,3,1,72,42.7,1,1,0,MEDIUM
Server,5,10,3,3,34,10.5,0,0,1,LOW
Workstation,4,9,5,0,116,40.0,2,1,1,HIGH
Laptop,3,8,6,1,14,7.4,2,0,0,LOW
Laptop,6,2,4,2,99,14.8,1,0,1,MEDIUM
Workstation,4,0,4,0,80,41.9,1,0,1,LOW
Laptop,7,9,5,0,120,50.8,1,3,2,HIGH
Laptop,6,8,4,1,39,45.5,0,0,0,LOW
Laptop,2,7,5,1,85,13.5,1,1,1,MEDIUM
Desktop,4,4,7,2,3,0.0,0,2,1,LOW
Workstation,6,5,4,1,81,37.8,3,1,0,HIGH
Server,7,5,3,0,52,0.0,0,1,0,LOW
Server,3,3,1,1,87,58.8,0,0,2,LOW
Laptop,7,2,6,3,94,14.2,2,1,2,HIGH
Laptop,2,5,1,1,58,87.2,0,0,0,LOW
Desktop,3,12,3,3,41,16.8,1,1,1,MEDIUM
Laptop,5,4,5,3,86,48.2,1,0,0,HIGH
Laptop,7,5,2,1,109,21.8,0,0,4,MEDIUM
Laptop,5,7,4,0,43,34.3,0,0,5,MEDIUM
Laptop,8,8,3,3,103,42.0,2,0,0,HIGH
Desktop,7,9,1,1,53,56.9,1,2,2,HIGH
Server,9,5,4,1,107,60.4,0,0,0,MEDIUM
Laptop,10,5,3,3,78,54.0,1,1,0,HIGH
Desktop,6,7,0,0,80,60.8,0,3,0,MEDIUM
Server,6,4,1,1,83,24.4,1,0,1,LOW
Server,4,5,2,0,97,52.3,1,1,0,MEDIUM
Workstation,3,5,3,2,104,30.5,0,0,3,MEDIUM
Desktop,9,4,2,2,47,59.7,0,1,1,MEDIUM
Workstation,8,6,5,1,90,40.5,0,0,3,HIGH
Laptop,10,2,0,0,83,51.6,1,0,0,LOW
Laptop,7,1,4,1,71,44.4,1,1,2,HIGH
Laptop,3,6,8,1,27,54.7,0,2,0,MEDIUM
Desktop,9,7,2,1,56,20.2,1,1,1,MEDIUM
Laptop,9,4,7,1,24,3.4,0,1,1,LOW
Laptop,4,4,4,1,16,59.8,0,1,0,LOW
Server,5,5,3,0,114,67.6,0,1,1,MEDIUM
Laptop,4,3,1,0,87,35.5,0,0,1,LOW
Laptop,6,4,1,0,66,55.8,1,0,2,MEDIUM
Laptop,5,5,10,0,53,2.2,0,0,1,LOW
Desktop,6,1,4,1,8,24.3,0,0,0,LOW
Laptop,9,2,1,0,42,39.8,1,1,0,LOW
Laptop,3,2,6,1,23,0.0,0,2,1,LOW
Laptop,6,3,4,2,65,4.4,0,1,1,LOW
Server,6,5,2,0,55,41.5,1,0,0,LOW
Workstation,5,5,4,1,116,24.7,1,0,0,MEDIUM
Desktop,6,5,4,1,102,30.4,3,1,0,HIGH
Server,2,3,6,2,72,29.1,0,0,0,LOW
Workstation,7,2,3,2,108,9.8,1,1,1,MEDIUM
Workstation,5,7,5,0,39,33.2,1,1,1,MEDIUM
Desktop,1,8,6,1,13,37.7,1,0,3,MEDIUM
Workstation,2,4,2,1,67,25.2,1,2,0,LOW
Workstation,3,3,6,0,7,27.0,0,1,1,LOW
Server,3,7,6,1,114,33.5,0,0,2,MEDIUM
Desktop,5,7,2,0,14,56.0,1,0,0,LOW
Laptop,4,6,3,0,103,35.9,4,2,1,HIGH
Laptop,8,9,3,0,81,0.0,1,1,3,MEDIUM
Desktop,5,4,3,0,29,11.7,0,0,0,LOW
Desktop,5,3,6,0,64,58.5,0,1,1,MEDIUM
Laptop,3,9,3,2,65,22.9,0,2,2,MEDIUM
Desktop,4,4,9,0,89,36.1,0,1,0,MEDIUM
Desktop,2,6,6,0,51,80.3,0,0,1,MEDIUM
Workstation,4,3,3,1,71,51.9,1,1,1,MEDIUM
Laptop,4,8,3,1,50,0.0,3,1,2,MEDIUM
Laptop,4,2,4,1,11,69.8,1,0,0,LOW
Server,5,6,7,0,86,41.3,0,0,2,MEDIUM
Workstation,3,4,2,2,31,46.1,0,2,0,LOW
Workstation,5,7,5,1,33,44.7,0,0,2,MEDIUM
Workstation,6,7,2,0,40,58.1,0,3,0,MEDIUM
Workstation,3,0,4,2,68,36.2,0,0,1,LOW
Laptop,6,3,7,1,85,5.4,1,0,2,MEDIUM
Laptop,5,4,6,2,98,45.1,1,1,0,HIGH
Laptop,2,7,5,2,72,7.6,1,2,0,MEDIUM
Desktop,6,1,5,1,48,78.0,2,0,4,HIGH
Workstation,3,5,3,2,114,30.0,1,0,2,HIGH
Laptop,4,4,3,1,57,36.9,1,1,1,MEDIUM
Desktop,2,5,3,3,17,23.1,0,0,0,LOW
Laptop,3,1,1,1,96,45.5,0,0,1,LOW
Laptop,4,4,5,2,113,48.0,1,1,1,HIGH
Laptop,6,5,7,0,35,23.1,1,0,2,LOW
Laptop,13,4,3,0,26,48.0,0,1,2,MEDIUM
Workstation,2,6,6,0,42,39.5,0,0,1,LOW
Laptop,4,4,3,1,41,35.9,0,1,1,LOW
Workstation,2,2,4,0,23,21.5,0,0,2,LOW
Server,6,2,8,1,4,88.9,0,0,0,MEDIUM
Laptop,5,8,3,1,22,64.0,0,0,0,LOW
Laptop,4,4,7,1,35,54.0,1,1,0,MEDIUM
Workstation,5,3,3,3,22,62.8,2,2,2,HIGH
Laptop,5,10,5,0,24,44.6,1,0,1,MEDIUM
Workstation,4,1,6,3,114,30.3,1,1,1,HIGH
Laptop,3,10,8,4,26,0.0,0,1,2,MEDIUM
Server,5,3,7,0,99,11.2,2,1,0,MEDIUM
Workstation,7,7,6,2,69,85.6,1,1,2,HIGH
Laptop,3,4,3,0,52,63.5,0,1,1,LOW
Laptop,4,2,5,1,94,42.5,1,0,0,MEDIUM
Workstation,5,5,6,2,2,3.3,2,0,0,LOW
Laptop,3,4,4,1,90,52.0,1,0,1,MEDIUM
Desktop,8,4,1,1,50,31.9,2,0,3,MEDIUM
Desktop,6,11,3,0,100,53.4,1,2,0,HIGH
Laptop,4,5,4,1,116,13.5,0,0,1,LOW
Server,9,10,3,1,88,27.2,0,0,1,MEDIUM
Server,3,4,7,0,13,57.5,1,2,0,MEDIUM
Laptop,4,7,3,0,118,80.4,0,0,0,MEDIUM
Workstation,1,6,5,2,91,23.5,0,0,0,LOW
Laptop,8,8,4,1,2,16.0,1,0,3,LOW
Laptop,2,3,2,2,23,60.5,1,1,1,MEDIUM
Desktop,2,3,2,2,119,10.3,2,1,2,HIGH
Workstation,6,6,2,1,101,11.9,0,0,1,LOW
Laptop,2,5,3,0,49,43.9,2,1,2,MEDIUM
Laptop,2,4,4,2,115,83.9,2,0,0,HIGH
Desktop,7,5,4,1,57,19.3,0,0,1,LOW
Workstation,4,7,5,1,104,29.9,1,0,0,MEDIUM
Laptop,1,9,2,2,69,40.4,1,2,2,HIGH
Laptop,1,3,2,1,79,27.6,0,2,1,LOW
Server,7,3,4,1,1,0.0,0,0,3,LOW
Laptop,6,12,3,1,117,55.6,1,3,1,HIGH
Laptop,1,2,2,1,21,42.1,0,4,1,LOW
Laptop,2,5,2,0,25,46.1,0,1,0,LOW
Laptop,8,4,6,1,53,34.9,0,1,1,MEDIUM
Desktop,1,2,3,0,91,71.3,1,0,0,MEDIUM
Workstation,5,3,5,0,93,26.9,0,0,1,LOW
Server,5,1,4,4,75,14.3,0,0,1,MEDIUM
Server,3,8,6,1,105,74.6,0,0,3,HIGH
Workstation,7,2,4,2,83,0.0,0,0,2,LOW
Laptop,2,4,2,1,17,34.6,0,3,0,LOW
Laptop,6,9,1,1,94,36.3,1,0,1,MEDIUM
Workstation,6,5,2,1,31,35.5,0,2,3,MEDIUM
Laptop,4,9,4,1,62,3.9,0,1,1,LOW
Server,8,6,5,2,73,11.9,1,0,0,MEDIUM
Server,3,8,2,2,47,59.1,2,1,1,HIGH
Laptop,8,5,4,0,43,68.5,0,1,0,MEDIUM
Desktop,6,5,6,1,32,28.8,2,0,0,MEDIUM
Laptop,5,3,5,0,36,17.5,1,0,0,LOW
Laptop,5,8,3,2,119,0.0,0,0,1,LOW
Desktop,4,4,3,1,46,58.7,1,0,3,MEDIUM
Laptop,4,6,4,2,57,60.0,1,3,1,HIGH
Server,3,8,4,0,84,0.0,0,0,1,LOW
Workstation,0,3,1,1,30,0.0,1,0,0,LOW
Workstation,4,5,4,1,24,41.0,0,1,2,LOW
Laptop,3,4,5,2,25,43.9,0,0,0,LOW
Laptop,6,5,1,1,7,27.5,1,0,2,LOW
Laptop,6,5,3,0,54,37.3,2,2,2,HIGH
Laptop,8,3,1,1,0,32.6,1,1,1,LOW
Workstation,5,1,5,0,45,38.6,0,1,2,LOW
Laptop,6,8,7,1,63,18.2,0,2,1,MEDIUM
Laptop,6,5,4,2,31,37.7,0,0,1,LOW
Workstation,8,6,4,2,30,23.2,2,0,1,MEDIUM
Laptop,3,2,4,1,72,21.3,0,2,0,LOW
Laptop,5,1,6,2,67,0.0,0,0,0,LOW
Laptop,8,1,1,0,95,34.1,0,0,0,LOW
Server,4,6,4,1,106,55.7,1,1,0,HIGH
Server,9,4,9,1,30,30.8,1,0,1,MEDIUM
Laptop,4,9,4,2,35,30.2,0,1,0,LOW
Workstation,2,4,3,2,63,65.6,1,1,0,HIGH
Workstation,7,5,4,1,22,60.5,1,0,1,MEDIUM
Workstation,3,5,3,1,88,76.2,0,1,3,HIGH
Laptop,4,7,9,4,0,87.7,0,0,1,HIGH
Laptop,8,5,1,1,44,39.3,0,0,1,LOW
Workstation,7,6,3,0,118,12.5,2,1,2,HIGH
Laptop,4,7,4,4,88,26.5,1,2,2,HIGH
Desktop,8,4,3,1,62,50.6,1,0,1,MEDIUM
Server,2,7,5,0,0,69.7,2,1,3,HIGH
Laptop,4,2,4,0,97,14.9,0,0,1,LOW
Server,5,6,4,0,53,43.6,0,0,3,LOW
Workstation,1,5,4,1,103,20.6,0,0,1,LOW
Server,3,7,2,2,94,34.8,3,1,0,HIGH
Desktop,4,6,1,1,120,34.4,2,1,1,HIGH
Workstation,7,1,4,1,14,46.4,0,1,2,LOW
Desktop,5,9,2,0,104,82.7,1,1,3,HIGH
Server,8,6,5,0,86,48.5,0,0,0,MEDIUM
Workstation,9,11,2,1,35,28.5,1,0,1,MEDIUM
Server,7,3,5,1,102,24.9,0,2,1,MEDIUM
Laptop,2,2,6,0,68,33.8,1,0,0,LOW
Laptop,4,5,6,1,79,18.8,0,0,3,LOW
Laptop,4,3,1,1,116,41.1,1,0,0,LOW
Desktop,8,6,5,0,69,0.0,0,1,0,LOW
Desktop,2,2,4,2,76,33.4,0,1,4,MEDIUM
Desktop,4,6,3,0,104,35.1,0,2,1,MEDIUM
Laptop,10,8,7,2,93,12.5,1,0,2,HIGH
Server,2,7,6,3,77,29.6,0,0,1,MEDIUM
Workstation,2,7,4,1,109,62.6,0,0,1,MEDIUM
Laptop,3,4,1,1,110,64.2,0,0,2,MEDIUM
Server,6,5,9,0,74,26.3,0,1,2,MEDIUM
Server,4,10,3,0,11,49.5,0,1,1,LOW
Desktop,4,5,4,1,83,5.0,2,0,0,LOW
Laptop,3,7,1,0,40,31.5,1,0,0,LOW
Server,4,10,2,1,71,43.1,2,0,0,MEDIUM
Workstation,9,4,6,0,45,71.6,1,0,2,HIGH
Server,11,4,5,3,40,64.2,1,2,1,HIGH
Workstation,8,3,4,1,117,42.6,1,0,1,HIGH
Workstation,8,4,7,2,30,17.9,0,1,0,LOW
Laptop,4,3,3,1,19,67.9,0,0,1,LOW
Server,7,3,4,2,76,30.5,1,1,2,HIGH
Desktop,4,6,6,1,77,47.9,0,0,1,MEDIUM
Workstation,3,5,3,1,118,35.3,0,1,0,LOW
Laptop,5,3,5,0,6,81.8,0,1,0,LOW
Laptop,4,6,4,1,110,24.6,0,1,0,LOW
Workstation,5,4,3,1,101,58.2,0,0,2,MEDIUM
Laptop,3,6,7,1,25,36.1,0,1,0,LOW
Server,7,2,3,0,99,50.5,1,1,0,MEDIUM
Laptop,5,1,2,1,101,73.6,0,0,1,MEDIUM
Workstation,3,11,4,1,13,0.0,1,1,0,LOW
Workstation,6,6,7,1,2,36.6,1,0,0,LOW
Laptop,3,4,1,0,79,18.3,0,2,2,LOW
Server,6,2,3,1,71,47.8,1,0,2,MEDIUM
Laptop,4,3,2,2,104,53.2,1,1,0,HIGH
Desktop,5,4,1,1,112,27.6,0,1,3,MEDIUM
Server,6,4,4,1,12,26.5,0,1,0,LOW
Workstation,3,4,3,1,116,42.5,0,0,2,MEDIUM
Laptop,6,4,7,4,103,10.0,1,1,0,HIGH
Laptop,5,2,3,1,72,45.3,0,0,0,LOW
Server,6,5,6,1,43,20.0,0,0,2,LOW
Desktop,3,4,3,2,76,54.1,0,1,2,MEDIUM
Desktop,4,3,5,1,68,9.0,0,1,0,LOW
Laptop,8,5,2,1,47,25.5,0,1,1,LOW
Laptop,5,7,2,2,9,21.5,0,1,1,LOW
Workstation,5,6,5,0,87,31.4,2,0,2,HIGH
Laptop,5,4,3,1,36,68.3,0,1,1,MEDIUM
Laptop,6,2,3,0,29,56.6,0,0,1,LOW
Workstation,1,6,6,1,45,27.4,0,0,0,LOW
Laptop,5,9,8,1,4,27.4,0,0,1,LOW
Server,3,6,2,2,47,57.5,0,1,1,MEDIUM
Laptop,8,3,6,3,101,12.4,1,0,2,HIGH
Workstation,7,9,3,2,88,38.5,0,0,1,MEDIUM
Server,7,4,6,2,7,24.7,2,1,3,HIGH
Workstation,3,5,4,0,39,34.2,0,1,1,LOW
Laptop,5,4,4,0,80,55.8,0,2,3,HIGH
Desktop,5,6,5,1,112,23.3,0,0,1,LOW
Server,3,4,5,1,52,59.4,1,1,4,HIGH
Laptop,4,2,3,0,119,86.4,0,1,0,MEDIUM
Laptop,8,4,4,2,5,51.3,0,0,1,LOW
Laptop,7,4,5,0,110,36.2,0,1,1,MEDIUM
Workstation,2,5,5,0,19,63.5,1,1,0,MEDIUM
Server,3,5,1,1,88,13.6,1,0,2,LOW
Server,2,6,5,2,12,71.5,0,0,1,MEDIUM
Server,9,6,3,1,119,21.4,2,1,0,HIGH
Desktop,4,7,4,0,25,85.7,0,0,1,MEDIUM
Desktop,5,3,3,1,44,22.2,0,0,3,LOW
Desktop,7,4,6,1,76,52.6,0,1,1,HIGH
Server,1,5,2,1,6,3.7,0,1,2,LOW
Laptop,5,7,3,3,69,33.3,0,0,0,MEDIUM
Workstation,9,8,2,2,35,14.2,1,0,0,LOW
Workstation,6,6,2,2,52,6.3,0,0,0,LOW
Laptop,2,3,3,2,40,64.5,1,2,1,HIGH
Desktop,3,5,3,1,102,11.0,0,2,2,LOW
Laptop,5,10,3,0,55,21.8,1,0,1,LOW
Workstation,3,6,3,2,91,19.3,0,2,1,MEDIUM
Workstation,1,3,4,0,5,63.1,0,1,1,LOW
Workstation,3,4,7,2,82,60.4,1,1,1,HIGH
Laptop,6,5,2,1,46,65.9,1,2,0,HIGH
Laptop,8,12,1,1,72,20.7,1,1,1,MEDIUM
Laptop,7,3,11,1,102,67.7,1,0,2,HIGH
Laptop,2,6,3,2,84,20.5,0,2,0,LOW
Laptop,8,5,4,1,42,21.4,2,0,1,MEDIUM
Laptop,7,4,2,1,27,22.6,1,0,1,LOW
Workstation,5,8,1,1,107,23.4,0,0,1,LOW
Laptop,3,5,3,0,31,36.0,0,1,2,LOW
Laptop,5,2,1,1,4,19.5,0,0,1,LOW
Workstation,2,4,5,1,36,43.1,0,0,1,LOW
Desktop,8,3,6,0,1,0.0,1,1,2,LOW
Server,3,5,4,2,89,43.0,0,1,4,HIGH
Server,7,6,2,2,107,14.0,0,0,0,LOW
Workstation,4,6,3,1,52,23.3,0,0,1,LOW
Server,8,3,3,0,74,23.8,4,1,5,HIGH
Desktop,1,3,8,0,116,58.7,0,0,1,MEDIUM
Server,2,4,2,0,111,49.1,2,1,3,HIGH
Desktop,8,6,1,1,4,34.4,0,1,1,LOW
Laptop,7,6,4,2,8,22.3,0,0,1,LOW
Desktop,2,4,6,1,46,55.2,0,0,1,LOW
Laptop,6,3,5,0,33,77.5,1,2,1,HIGH
Server,13,4,4,2,18,37.4,0,3,0,HIGH
Laptop,4,10,1,1,18,2.8,0,2,4,LOW
Laptop,1,4,3,2,98,22.5,0,1,2,LOW
Laptop,5,7,1,1,23,50.3,1,0,2,MEDIUM
Workstation,5,0,3,1,58,28.3,0,1,2,LOW
Laptop,2,4,3,1,5,19.1,1,0,3,LOW
Server,5,4,5,0,75,18.2,0,1,0,LOW
Workstation,10,5,7,3,89,40.0,0,1,1,HIGH
Laptop,5,2,5,1,72,4.3,0,0,1,LOW
Server,4,9,7,1,34,37.2,0,0,0,LOW
Laptop,4,3,8,1,9,39.9,0,1,1,LOW
Laptop,4,4,3,1,48,28.1,0,1,0,LOW
Server,7,5,1,1,94,15.1,1,0,3,MEDIUM
Workstation,4,3,4,1,14,60.4,0,1,1,LOW
Laptop,7,4,4,2,99,8.7,1,0,0,MEDIUM
Desktop,3,6,5,1,110,41.8,1,0,0,MEDIUM
Laptop,6,3,1,1,73,54.0,0,0,0,LOW
Desktop,0,4,1,0,102,41.5,1,1,2,LOW
Server,6,5,2,0,33,65.1,1,0,1,MEDIUM
